grupo,carga,entrada,binario,schedule,T_arquivo,rep,passos,nao_combustiveis,intactas,em_chamas,queimadas,contencao,total_ignicoes,pico_passo,pico_qtd,percentual_queimado,percentual_protegido,checksum,tempo
tempos,pequena,entradas/entrada_carga_pequena.txt,fire_seq,seq,4,1,80,39704,127900,2069,28105,2222,30171,79,682,18.82,1.39,17073017104646724864,1.035455
tempos,pequena,entradas/entrada_carga_pequena.txt,fire_seq,seq,4,2,80,39704,127900,2069,28105,2222,30171,79,682,18.82,1.39,17073017104646724864,1.032228
tempos,pequena,entradas/entrada_carga_pequena.txt,fire_seq,seq,4,3,80,39704,127900,2069,28105,2222,30171,79,682,18.82,1.39,17073017104646724864,1.032519
tempos,pequena,entradas/entrada_carga_pequena.txt,fire_seq,seq,4,4,80,39704,127900,2069,28105,2222,30171,79,682,18.82,1.39,17073017104646724864,1.037485
tempos,pequena,entradas/entrada_carga_pequena.txt,fire_seq,seq,4,5,80,39704,127900,2069,28105,2222,30171,79,682,18.82,1.39,17073017104646724864,1.032649
tempos,pequena,entradas/entrada_carga_pequena.txt,fire_seq,seq,4,6,80,39704,127900,2069,28105,2222,30171,79,682,18.82,1.39,17073017104646724864,1.032491
tempos,pequena,entradas/entrada_carga_pequena.txt,fire_seq,seq,4,7,80,39704,127900,2069,28105,2222,30171,79,682,18.82,1.39,17073017104646724864,1.032430
tempos,pequena,entradas/entrada_carga_pequena.txt,fire_seq,seq,4,8,80,39704,127900,2069,28105,2222,30171,79,682,18.82,1.39,17073017104646724864,1.032601
tempos,pequena,entradas/entrada_carga_pequena.txt,fire_seq,seq,4,9,80,39704,127900,2069,28105,2222,30171,79,682,18.82,1.39,17073017104646724864,1.033884
tempos,pequena,entradas/entrada_carga_pequena.txt,fire_seq,seq,4,10,80,39704,127900,2069,28105,2222,30171,79,682,18.82,1.39,17073017104646724864,1.034474
tempos,pequena,entradas/entrada_carga_pequena.txt,fire_omp_static,static,4,1,80,39704,127900,2069,28105,2222,30171,79,682,18.82,1.39,17073017104646724864,0.048473
tempos,pequena,entradas/entrada_carga_pequena.txt,fire_omp_static,static,4,2,80,39704,127900,2069,28105,2222,30171,79,682,18.82,1.39,17073017104646724864,0.044006
tempos,pequena,entradas/entrada_carga_pequena.txt,fire_omp_static,static,4,3,80,39704,127900,2069,28105,2222,30171,79,682,18.82,1.39,17073017104646724864,0.043857
tempos,pequena,entradas/entrada_carga_pequena.txt,fire_omp_static,static,4,4,80,39704,127900,2069,28105,2222,30171,79,682,18.82,1.39,17073017104646724864,0.043820
tempos,pequena,entradas/entrada_carga_pequena.txt,fire_omp_static,static,4,5,80,39704,127900,2069,28105,2222,30171,79,682,18.82,1.39,17073017104646724864,0.043656
tempos,pequena,entradas/entrada_carga_pequena.txt,fire_omp_static,static,4,6,80,39704,127900,2069,28105,2222,30171,79,682,18.82,1.39,17073017104646724864,0.044231
tempos,pequena,entradas/entrada_carga_pequena.txt,fire_omp_static,static,4,7,80,39704,127900,2069,28105,2222,30171,79,682,18.82,1.39,17073017104646724864,0.046129
tempos,pequena,entradas/entrada_carga_pequena.txt,fire_omp_static,static,4,8,80,39704,127900,2069,28105,2222,30171,79,682,18.82,1.39,17073017104646724864,0.043604
tempos,pequena,entradas/entrada_carga_pequena.txt,fire_omp_static,static,4,9,80,39704,127900,2069,28105,2222,30171,79,682,18.82,1.39,17073017104646724864,0.043837
tempos,pequena,entradas/entrada_carga_pequena.txt,fire_omp_static,static,4,10,80,39704,127900,2069,28105,2222,30171,79,682,18.82,1.39,17073017104646724864,0.043879
tempos,media,entradas/entrada_carga_media.txt,fire_seq,seq,8,1,100,360809,1324373,5734,93801,15283,99529,98,1863,6.92,1.06,17187382406529706254,12.093577
tempos,media,entradas/entrada_carga_media.txt,fire_seq,seq,8,2,100,360809,1324373,5734,93801,15283,99529,98,1863,6.92,1.06,17187382406529706254,12.122452
tempos,media,entradas/entrada_carga_media.txt,fire_seq,seq,8,3,100,360809,1324373,5734,93801,15283,99529,98,1863,6.92,1.06,17187382406529706254,12.111125
tempos,media,entradas/entrada_carga_media.txt,fire_seq,seq,8,4,100,360809,1324373,5734,93801,15283,99529,98,1863,6.92,1.06,17187382406529706254,12.128137
tempos,media,entradas/entrada_carga_media.txt,fire_seq,seq,8,5,100,360809,1324373,5734,93801,15283,99529,98,1863,6.92,1.06,17187382406529706254,12.131392
tempos,media,entradas/entrada_carga_media.txt,fire_seq,seq,8,6,100,360809,1324373,5734,93801,15283,99529,98,1863,6.92,1.06,17187382406529706254,12.145293
tempos,media,entradas/entrada_carga_media.txt,fire_seq,seq,8,7,100,360809,1324373,5734,93801,15283,99529,98,1863,6.92,1.06,17187382406529706254,12.170272
tempos,media,entradas/entrada_carga_media.txt,fire_seq,seq,8,8,100,360809,1324373,5734,93801,15283,99529,98,1863,6.92,1.06,17187382406529706254,12.155353
tempos,media,entradas/entrada_carga_media.txt,fire_seq,seq,8,9,100,360809,1324373,5734,93801,15283,99529,98,1863,6.92,1.06,17187382406529706254,12.159637
tempos,media,entradas/entrada_carga_media.txt,fire_seq,seq,8,10,100,360809,1324373,5734,93801,15283,99529,98,1863,6.92,1.06,17187382406529706254,12.158611
tempos,media,entradas/entrada_carga_media.txt,fire_omp_static,static,8,1,100,360809,1324373,5734,93801,15283,99529,98,1863,6.92,1.06,17187382406529706254,0.491110
tempos,media,entradas/entrada_carga_media.txt,fire_omp_static,static,8,2,100,360809,1324373,5734,93801,15283,99529,98,1863,6.92,1.06,17187382406529706254,0.494740
tempos,media,entradas/entrada_carga_media.txt,fire_omp_static,static,8,3,100,360809,1324373,5734,93801,15283,99529,98,1863,6.92,1.06,17187382406529706254,0.492387
tempos,media,entradas/entrada_carga_media.txt,fire_omp_static,static,8,4,100,360809,1324373,5734,93801,15283,99529,98,1863,6.92,1.06,17187382406529706254,0.492466
tempos,media,entradas/entrada_carga_media.txt,fire_omp_static,static,8,5,100,360809,1324373,5734,93801,15283,99529,98,1863,6.92,1.06,17187382406529706254,0.494785
tempos,media,entradas/entrada_carga_media.txt,fire_omp_static,static,8,6,100,360809,1324373,5734,93801,15283,99529,98,1863,6.92,1.06,17187382406529706254,0.497428
tempos,media,entradas/entrada_carga_media.txt,fire_omp_static,static,8,7,100,360809,1324373,5734,93801,15283,99529,98,1863,6.92,1.06,17187382406529706254,0.497670
tempos,media,entradas/entrada_carga_media.txt,fire_omp_static,static,8,8,100,360809,1324373,5734,93801,15283,99529,98,1863,6.92,1.06,17187382406529706254,0.491846
tempos,media,entradas/entrada_carga_media.txt,fire_omp_static,static,8,9,100,360809,1324373,5734,93801,15283,99529,98,1863,6.92,1.06,17187382406529706254,0.493067
tempos,media,entradas/entrada_carga_media.txt,fire_omp_static,static,8,10,100,360809,1324373,5734,93801,15283,99529,98,1863,6.92,1.06,17187382406529706254,0.492931
tempos,grande,entradas/entrada_carga_grande.txt,fire_seq,seq,8,1,100,1251181,4804870,7434,121067,65448,128491,99,2381,2.57,1.31,14825089465781038537,42.611459
tempos,grande,entradas/entrada_carga_grande.txt,fire_seq,seq,8,2,100,1251181,4804870,7434,121067,65448,128491,99,2381,2.57,1.31,14825089465781038537,42.609225
tempos,grande,entradas/entrada_carga_grande.txt,fire_seq,seq,8,3,100,1251181,4804870,7434,121067,65448,128491,99,2381,2.57,1.31,14825089465781038537,42.616497
tempos,grande,entradas/entrada_carga_grande.txt,fire_seq,seq,8,4,100,1251181,4804870,7434,121067,65448,128491,99,2381,2.57,1.31,14825089465781038537,42.662595
tempos,grande,entradas/entrada_carga_grande.txt,fire_seq,seq,8,5,100,1251181,4804870,7434,121067,65448,128491,99,2381,2.57,1.31,14825089465781038537,42.648716
tempos,grande,entradas/entrada_carga_grande.txt,fire_seq,seq,8,6,100,1251181,4804870,7434,121067,65448,128491,99,2381,2.57,1.31,14825089465781038537,42.732520
tempos,grande,entradas/entrada_carga_grande.txt,fire_seq,seq,8,7,100,1251181,4804870,7434,121067,65448,128491,99,2381,2.57,1.31,14825089465781038537,42.645876
tempos,grande,entradas/entrada_carga_grande.txt,fire_seq,seq,8,8,100,1251181,4804870,7434,121067,65448,128491,99,2381,2.57,1.31,14825089465781038537,42.703455
tempos,grande,entradas/entrada_carga_grande.txt,fire_seq,seq,8,9,100,1251181,4804870,7434,121067,65448,128491,99,2381,2.57,1.31,14825089465781038537,42.793967
tempos,grande,entradas/entrada_carga_grande.txt,fire_seq,seq,8,10,100,1251181,4804870,7434,121067,65448,128491,99,2381,2.57,1.31,14825089465781038537,42.711489
tempos,grande,entradas/entrada_carga_grande.txt,fire_omp_static,static,8,1,100,1251181,4804870,7434,121067,65448,128491,99,2381,2.57,1.31,14825089465781038537,1.676557
tempos,grande,entradas/entrada_carga_grande.txt,fire_omp_static,static,8,2,100,1251181,4804870,7434,121067,65448,128491,99,2381,2.57,1.31,14825089465781038537,1.693347
tempos,grande,entradas/entrada_carga_grande.txt,fire_omp_static,static,8,3,100,1251181,4804870,7434,121067,65448,128491,99,2381,2.57,1.31,14825089465781038537,1.693089
tempos,grande,entradas/entrada_carga_grande.txt,fire_omp_static,static,8,4,100,1251181,4804870,7434,121067,65448,128491,99,2381,2.57,1.31,14825089465781038537,1.701287
tempos,grande,entradas/entrada_carga_grande.txt,fire_omp_static,static,8,5,100,1251181,4804870,7434,121067,65448,128491,99,2381,2.57,1.31,14825089465781038537,1.697237
tempos,grande,entradas/entrada_carga_grande.txt,fire_omp_static,static,8,6,100,1251181,4804870,7434,121067,65448,128491,99,2381,2.57,1.31,14825089465781038537,1.695062
tempos,grande,entradas/entrada_carga_grande.txt,fire_omp_static,static,8,7,100,1251181,4804870,7434,121067,65448,128491,99,2381,2.57,1.31,14825089465781038537,1.696655
tempos,grande,entradas/entrada_carga_grande.txt,fire_omp_static,static,8,8,100,1251181,4804870,7434,121067,65448,128491,99,2381,2.57,1.31,14825089465781038537,1.694175
tempos,grande,entradas/entrada_carga_grande.txt,fire_omp_static,static,8,9,100,1251181,4804870,7434,121067,65448,128491,99,2381,2.57,1.31,14825089465781038537,1.681696
tempos,grande,entradas/entrada_carga_grande.txt,fire_omp_static,static,8,10,100,1251181,4804870,7434,121067,65448,128491,99,2381,2.57,1.31,14825089465781038537,1.684148
threads_det,media,entradas/entrada_carga_media_T1.txt,fire_omp_static,static,1,1,100,360809,1324373,5734,93801,15283,99529,98,1863,6.92,1.06,17187382406529706254,1.880675
threads_det,media,entradas/entrada_carga_media_T1.txt,fire_omp_static,static,1,2,100,360809,1324373,5734,93801,15283,99529,98,1863,6.92,1.06,17187382406529706254,1.887939
threads_det,media,entradas/entrada_carga_media_T1.txt,fire_omp_static,static,1,3,100,360809,1324373,5734,93801,15283,99529,98,1863,6.92,1.06,17187382406529706254,1.883150
threads_det,media,entradas/entrada_carga_media_T2.txt,fire_omp_static,static,2,1,100,360809,1324373,5734,93801,15283,99529,98,1863,6.92,1.06,17187382406529706254,0.963138
threads_det,media,entradas/entrada_carga_media_T2.txt,fire_omp_static,static,2,2,100,360809,1324373,5734,93801,15283,99529,98,1863,6.92,1.06,17187382406529706254,0.961135
threads_det,media,entradas/entrada_carga_media_T2.txt,fire_omp_static,static,2,3,100,360809,1324373,5734,93801,15283,99529,98,1863,6.92,1.06,17187382406529706254,0.963979
threads_det,media,entradas/entrada_carga_media_T4.txt,fire_omp_static,static,4,1,100,360809,1324373,5734,93801,15283,99529,98,1863,6.92,1.06,17187382406529706254,0.541164
threads_det,media,entradas/entrada_carga_media_T4.txt,fire_omp_static,static,4,2,100,360809,1324373,5734,93801,15283,99529,98,1863,6.92,1.06,17187382406529706254,0.593480
threads_det,media,entradas/entrada_carga_media_T4.txt,fire_omp_static,static,4,3,100,360809,1324373,5734,93801,15283,99529,98,1863,6.92,1.06,17187382406529706254,0.528704
threads_det,media,entradas/entrada_carga_media_T16.txt,fire_omp_static,static,16,1,100,360809,1324373,5734,93801,15283,99529,98,1863,6.92,1.06,17187382406529706254,0.579278
threads_det,media,entradas/entrada_carga_media_T16.txt,fire_omp_static,static,16,2,100,360809,1324373,5734,93801,15283,99529,98,1863,6.92,1.06,17187382406529706254,0.580518
threads_det,media,entradas/entrada_carga_media_T16.txt,fire_omp_static,static,16,3,100,360809,1324373,5734,93801,15283,99529,98,1863,6.92,1.06,17187382406529706254,0.546969
threads_det,media,entradas/entrada_carga_media.txt,fire_omp_static,static,8,1,100,360809,1324373,5734,93801,15283,99529,98,1863,6.92,1.06,17187382406529706254,0.491203
threads_det,media,entradas/entrada_carga_media.txt,fire_omp_static,static,8,2,100,360809,1324373,5734,93801,15283,99529,98,1863,6.92,1.06,17187382406529706254,0.499392
threads_det,media,entradas/entrada_carga_media.txt,fire_omp_static,static,8,3,100,360809,1324373,5734,93801,15283,99529,98,1863,6.92,1.06,17187382406529706254,0.498697
varredura_T,grande,entradas/entrada_carga_grande_T1.txt,fire_omp_static,static,1,1,100,1251181,4804870,7434,121067,65448,128491,99,2381,2.57,1.31,14825089465781038537,6.524255
varredura_T,grande,entradas/entrada_carga_grande_T1.txt,fire_omp_static,static,1,2,100,1251181,4804870,7434,121067,65448,128491,99,2381,2.57,1.31,14825089465781038537,6.516633
varredura_T,grande,entradas/entrada_carga_grande_T1.txt,fire_omp_static,static,1,3,100,1251181,4804870,7434,121067,65448,128491,99,2381,2.57,1.31,14825089465781038537,6.530484
varredura_T,grande,entradas/entrada_carga_grande_T1.txt,fire_omp_static,static,1,4,100,1251181,4804870,7434,121067,65448,128491,99,2381,2.57,1.31,14825089465781038537,6.516959
varredura_T,grande,entradas/entrada_carga_grande_T1.txt,fire_omp_static,static,1,5,100,1251181,4804870,7434,121067,65448,128491,99,2381,2.57,1.31,14825089465781038537,6.509896
varredura_T,grande,entradas/entrada_carga_grande_T1.txt,fire_omp_static,static,1,6,100,1251181,4804870,7434,121067,65448,128491,99,2381,2.57,1.31,14825089465781038537,6.642870
varredura_T,grande,entradas/entrada_carga_grande_T1.txt,fire_omp_static,static,1,7,100,1251181,4804870,7434,121067,65448,128491,99,2381,2.57,1.31,14825089465781038537,6.517917
varredura_T,grande,entradas/entrada_carga_grande_T1.txt,fire_omp_static,static,1,8,100,1251181,4804870,7434,121067,65448,128491,99,2381,2.57,1.31,14825089465781038537,6.516569
varredura_T,grande,entradas/entrada_carga_grande_T1.txt,fire_omp_static,static,1,9,100,1251181,4804870,7434,121067,65448,128491,99,2381,2.57,1.31,14825089465781038537,6.516036
varredura_T,grande,entradas/entrada_carga_grande_T1.txt,fire_omp_static,static,1,10,100,1251181,4804870,7434,121067,65448,128491,99,2381,2.57,1.31,14825089465781038537,6.511163
varredura_T,grande,entradas/entrada_carga_grande_T2.txt,fire_omp_static,static,2,1,100,1251181,4804870,7434,121067,65448,128491,99,2381,2.57,1.31,14825089465781038537,3.328207
varredura_T,grande,entradas/entrada_carga_grande_T2.txt,fire_omp_static,static,2,2,100,1251181,4804870,7434,121067,65448,128491,99,2381,2.57,1.31,14825089465781038537,3.324639
varredura_T,grande,entradas/entrada_carga_grande_T2.txt,fire_omp_static,static,2,3,100,1251181,4804870,7434,121067,65448,128491,99,2381,2.57,1.31,14825089465781038537,3.323790
varredura_T,grande,entradas/entrada_carga_grande_T2.txt,fire_omp_static,static,2,4,100,1251181,4804870,7434,121067,65448,128491,99,2381,2.57,1.31,14825089465781038537,3.325230
varredura_T,grande,entradas/entrada_carga_grande_T2.txt,fire_omp_static,static,2,5,100,1251181,4804870,7434,121067,65448,128491,99,2381,2.57,1.31,14825089465781038537,3.323737
varredura_T,grande,entradas/entrada_carga_grande_T2.txt,fire_omp_static,static,2,6,100,1251181,4804870,7434,121067,65448,128491,99,2381,2.57,1.31,14825089465781038537,3.325726
varredura_T,grande,entradas/entrada_carga_grande_T2.txt,fire_omp_static,static,2,7,100,1251181,4804870,7434,121067,65448,128491,99,2381,2.57,1.31,14825089465781038537,3.558776
varredura_T,grande,entradas/entrada_carga_grande_T2.txt,fire_omp_static,static,2,8,100,1251181,4804870,7434,121067,65448,128491,99,2381,2.57,1.31,14825089465781038537,3.327299
varredura_T,grande,entradas/entrada_carga_grande_T2.txt,fire_omp_static,static,2,9,100,1251181,4804870,7434,121067,65448,128491,99,2381,2.57,1.31,14825089465781038537,3.325981
varredura_T,grande,entradas/entrada_carga_grande_T2.txt,fire_omp_static,static,2,10,100,1251181,4804870,7434,121067,65448,128491,99,2381,2.57,1.31,14825089465781038537,3.328193
varredura_T,grande,entradas/entrada_carga_grande_T4.txt,fire_omp_static,static,4,1,100,1251181,4804870,7434,121067,65448,128491,99,2381,2.57,1.31,14825089465781038537,1.800725
varredura_T,grande,entradas/entrada_carga_grande_T4.txt,fire_omp_static,static,4,2,100,1251181,4804870,7434,121067,65448,128491,99,2381,2.57,1.31,14825089465781038537,1.802566
varredura_T,grande,entradas/entrada_carga_grande_T4.txt,fire_omp_static,static,4,3,100,1251181,4804870,7434,121067,65448,128491,99,2381,2.57,1.31,14825089465781038537,1.799124
varredura_T,grande,entradas/entrada_carga_grande_T4.txt,fire_omp_static,static,4,4,100,1251181,4804870,7434,121067,65448,128491,99,2381,2.57,1.31,14825089465781038537,1.805315
varredura_T,grande,entradas/entrada_carga_grande_T4.txt,fire_omp_static,static,4,5,100,1251181,4804870,7434,121067,65448,128491,99,2381,2.57,1.31,14825089465781038537,1.799383
varredura_T,grande,entradas/entrada_carga_grande_T4.txt,fire_omp_static,static,4,6,100,1251181,4804870,7434,121067,65448,128491,99,2381,2.57,1.31,14825089465781038537,1.801671
varredura_T,grande,entradas/entrada_carga_grande_T4.txt,fire_omp_static,static,4,7,100,1251181,4804870,7434,121067,65448,128491,99,2381,2.57,1.31,14825089465781038537,1.802441
varredura_T,grande,entradas/entrada_carga_grande_T4.txt,fire_omp_static,static,4,8,100,1251181,4804870,7434,121067,65448,128491,99,2381,2.57,1.31,14825089465781038537,1.799182
varredura_T,grande,entradas/entrada_carga_grande_T4.txt,fire_omp_static,static,4,9,100,1251181,4804870,7434,121067,65448,128491,99,2381,2.57,1.31,14825089465781038537,1.836678
varredura_T,grande,entradas/entrada_carga_grande_T4.txt,fire_omp_static,static,4,10,100,1251181,4804870,7434,121067,65448,128491,99,2381,2.57,1.31,14825089465781038537,1.830863
varredura_T,grande,entradas/entrada_carga_grande_T16.txt,fire_omp_static,static,16,1,100,1251181,4804870,7434,121067,65448,128491,99,2381,2.57,1.31,14825089465781038537,1.689067
varredura_T,grande,entradas/entrada_carga_grande_T16.txt,fire_omp_static,static,16,2,100,1251181,4804870,7434,121067,65448,128491,99,2381,2.57,1.31,14825089465781038537,1.689699
varredura_T,grande,entradas/entrada_carga_grande_T16.txt,fire_omp_static,static,16,3,100,1251181,4804870,7434,121067,65448,128491,99,2381,2.57,1.31,14825089465781038537,1.692262
varredura_T,grande,entradas/entrada_carga_grande_T16.txt,fire_omp_static,static,16,4,100,1251181,4804870,7434,121067,65448,128491,99,2381,2.57,1.31,14825089465781038537,1.682717
varredura_T,grande,entradas/entrada_carga_grande_T16.txt,fire_omp_static,static,16,5,100,1251181,4804870,7434,121067,65448,128491,99,2381,2.57,1.31,14825089465781038537,1.691210
varredura_T,grande,entradas/entrada_carga_grande_T16.txt,fire_omp_static,static,16,6,100,1251181,4804870,7434,121067,65448,128491,99,2381,2.57,1.31,14825089465781038537,1.673374
varredura_T,grande,entradas/entrada_carga_grande_T16.txt,fire_omp_static,static,16,7,100,1251181,4804870,7434,121067,65448,128491,99,2381,2.57,1.31,14825089465781038537,1.681631
varredura_T,grande,entradas/entrada_carga_grande_T16.txt,fire_omp_static,static,16,8,100,1251181,4804870,7434,121067,65448,128491,99,2381,2.57,1.31,14825089465781038537,1.692262
varredura_T,grande,entradas/entrada_carga_grande_T16.txt,fire_omp_static,static,16,9,100,1251181,4804870,7434,121067,65448,128491,99,2381,2.57,1.31,14825089465781038537,1.695888
varredura_T,grande,entradas/entrada_carga_grande_T16.txt,fire_omp_static,static,16,10,100,1251181,4804870,7434,121067,65448,128491,99,2381,2.57,1.31,14825089465781038537,1.703573
varredura_T,grande,entradas/entrada_carga_grande.txt,fire_omp_static,static,8,1,100,1251181,4804870,7434,121067,65448,128491,99,2381,2.57,1.31,14825089465781038537,1.693483
varredura_T,grande,entradas/entrada_carga_grande.txt,fire_omp_static,static,8,2,100,1251181,4804870,7434,121067,65448,128491,99,2381,2.57,1.31,14825089465781038537,1.686732
varredura_T,grande,entradas/entrada_carga_grande.txt,fire_omp_static,static,8,3,100,1251181,4804870,7434,121067,65448,128491,99,2381,2.57,1.31,14825089465781038537,1.686363
varredura_T,grande,entradas/entrada_carga_grande.txt,fire_omp_static,static,8,4,100,1251181,4804870,7434,121067,65448,128491,99,2381,2.57,1.31,14825089465781038537,1.720687
varredura_T,grande,entradas/entrada_carga_grande.txt,fire_omp_static,static,8,5,100,1251181,4804870,7434,121067,65448,128491,99,2381,2.57,1.31,14825089465781038537,1.722108
varredura_T,grande,entradas/entrada_carga_grande.txt,fire_omp_static,static,8,6,100,1251181,4804870,7434,121067,65448,128491,99,2381,2.57,1.31,14825089465781038537,1.709172
varredura_T,grande,entradas/entrada_carga_grande.txt,fire_omp_static,static,8,7,100,1251181,4804870,7434,121067,65448,128491,99,2381,2.57,1.31,14825089465781038537,1.707216
varredura_T,grande,entradas/entrada_carga_grande.txt,fire_omp_static,static,8,8,100,1251181,4804870,7434,121067,65448,128491,99,2381,2.57,1.31,14825089465781038537,1.700036
varredura_T,grande,entradas/entrada_carga_grande.txt,fire_omp_static,static,8,9,100,1251181,4804870,7434,121067,65448,128491,99,2381,2.57,1.31,14825089465781038537,1.719061
varredura_T,grande,entradas/entrada_carga_grande.txt,fire_omp_static,static,8,10,100,1251181,4804870,7434,121067,65448,128491,99,2381,2.57,1.31,14825089465781038537,1.718109
schedules,grande,entradas/entrada_carga_grande_T2.txt,fire_omp_static,static,2,1,100,1251181,4804870,7434,121067,65448,128491,99,2381,2.57,1.31,14825089465781038537,3.334007
schedules,grande,entradas/entrada_carga_grande_T2.txt,fire_omp_static,static,2,2,100,1251181,4804870,7434,121067,65448,128491,99,2381,2.57,1.31,14825089465781038537,3.326724
schedules,grande,entradas/entrada_carga_grande_T2.txt,fire_omp_static,static,2,3,100,1251181,4804870,7434,121067,65448,128491,99,2381,2.57,1.31,14825089465781038537,3.321801
schedules,grande,entradas/entrada_carga_grande_T2.txt,fire_omp_static,static,2,4,100,1251181,4804870,7434,121067,65448,128491,99,2381,2.57,1.31,14825089465781038537,3.322078
schedules,grande,entradas/entrada_carga_grande_T2.txt,fire_omp_static,static,2,5,100,1251181,4804870,7434,121067,65448,128491,99,2381,2.57,1.31,14825089465781038537,3.344269
schedules,grande,entradas/entrada_carga_grande_T2.txt,fire_omp_static,static,2,6,100,1251181,4804870,7434,121067,65448,128491,99,2381,2.57,1.31,14825089465781038537,3.366961
schedules,grande,entradas/entrada_carga_grande_T2.txt,fire_omp_static,static,2,7,100,1251181,4804870,7434,121067,65448,128491,99,2381,2.57,1.31,14825089465781038537,3.335124
schedules,grande,entradas/entrada_carga_grande_T2.txt,fire_omp_static,static,2,8,100,1251181,4804870,7434,121067,65448,128491,99,2381,2.57,1.31,14825089465781038537,3.322468
schedules,grande,entradas/entrada_carga_grande_T2.txt,fire_omp_static,static,2,9,100,1251181,4804870,7434,121067,65448,128491,99,2381,2.57,1.31,14825089465781038537,3.324050
schedules,grande,entradas/entrada_carga_grande_T2.txt,fire_omp_static,static,2,10,100,1251181,4804870,7434,121067,65448,128491,99,2381,2.57,1.31,14825089465781038537,3.325414
schedules,grande,entradas/entrada_carga_grande_T4.txt,fire_omp_static,static,4,1,100,1251181,4804870,7434,121067,65448,128491,99,2381,2.57,1.31,14825089465781038537,1.819233
schedules,grande,entradas/entrada_carga_grande_T4.txt,fire_omp_static,static,4,2,100,1251181,4804870,7434,121067,65448,128491,99,2381,2.57,1.31,14825089465781038537,1.814788
schedules,grande,entradas/entrada_carga_grande_T4.txt,fire_omp_static,static,4,3,100,1251181,4804870,7434,121067,65448,128491,99,2381,2.57,1.31,14825089465781038537,1.818251
schedules,grande,entradas/entrada_carga_grande_T4.txt,fire_omp_static,static,4,4,100,1251181,4804870,7434,121067,65448,128491,99,2381,2.57,1.31,14825089465781038537,1.821021
schedules,grande,entradas/entrada_carga_grande_T4.txt,fire_omp_static,static,4,5,100,1251181,4804870,7434,121067,65448,128491,99,2381,2.57,1.31,14825089465781038537,1.834835
schedules,grande,entradas/entrada_carga_grande_T4.txt,fire_omp_static,static,4,6,100,1251181,4804870,7434,121067,65448,128491,99,2381,2.57,1.31,14825089465781038537,1.818812
schedules,grande,entradas/entrada_carga_grande_T4.txt,fire_omp_static,static,4,7,100,1251181,4804870,7434,121067,65448,128491,99,2381,2.57,1.31,14825089465781038537,1.824975
schedules,grande,entradas/entrada_carga_grande_T4.txt,fire_omp_static,static,4,8,100,1251181,4804870,7434,121067,65448,128491,99,2381,2.57,1.31,14825089465781038537,1.822829
schedules,grande,entradas/entrada_carga_grande_T4.txt,fire_omp_static,static,4,9,100,1251181,4804870,7434,121067,65448,128491,99,2381,2.57,1.31,14825089465781038537,1.816426
schedules,grande,entradas/entrada_carga_grande_T4.txt,fire_omp_static,static,4,10,100,1251181,4804870,7434,121067,65448,128491,99,2381,2.57,1.31,14825089465781038537,1.819026
schedules,grande,entradas/entrada_carga_grande_T16.txt,fire_omp_static,static,16,1,100,1251181,4804870,7434,121067,65448,128491,99,2381,2.57,1.31,14825089465781038537,1.707376
schedules,grande,entradas/entrada_carga_grande_T16.txt,fire_omp_static,static,16,2,100,1251181,4804870,7434,121067,65448,128491,99,2381,2.57,1.31,14825089465781038537,1.707563
schedules,grande,entradas/entrada_carga_grande_T16.txt,fire_omp_static,static,16,3,100,1251181,4804870,7434,121067,65448,128491,99,2381,2.57,1.31,14825089465781038537,1.705266
schedules,grande,entradas/entrada_carga_grande_T16.txt,fire_omp_static,static,16,4,100,1251181,4804870,7434,121067,65448,128491,99,2381,2.57,1.31,14825089465781038537,1.719579
schedules,grande,entradas/entrada_carga_grande_T16.txt,fire_omp_static,static,16,5,100,1251181,4804870,7434,121067,65448,128491,99,2381,2.57,1.31,14825089465781038537,1.705279
schedules,grande,entradas/entrada_carga_grande_T16.txt,fire_omp_static,static,16,6,100,1251181,4804870,7434,121067,65448,128491,99,2381,2.57,1.31,14825089465781038537,1.712977
schedules,grande,entradas/entrada_carga_grande_T16.txt,fire_omp_static,static,16,7,100,1251181,4804870,7434,121067,65448,128491,99,2381,2.57,1.31,14825089465781038537,1.718942
schedules,grande,entradas/entrada_carga_grande_T16.txt,fire_omp_static,static,16,8,100,1251181,4804870,7434,121067,65448,128491,99,2381,2.57,1.31,14825089465781038537,1.706381
schedules,grande,entradas/entrada_carga_grande_T16.txt,fire_omp_static,static,16,9,100,1251181,4804870,7434,121067,65448,128491,99,2381,2.57,1.31,14825089465781038537,1.712047
schedules,grande,entradas/entrada_carga_grande_T16.txt,fire_omp_static,static,16,10,100,1251181,4804870,7434,121067,65448,128491,99,2381,2.57,1.31,14825089465781038537,1.708833
schedules,grande,entradas/entrada_carga_grande.txt,fire_omp_static,static,8,1,100,1251181,4804870,7434,121067,65448,128491,99,2381,2.57,1.31,14825089465781038537,1.713972
schedules,grande,entradas/entrada_carga_grande.txt,fire_omp_static,static,8,2,100,1251181,4804870,7434,121067,65448,128491,99,2381,2.57,1.31,14825089465781038537,1.725392
schedules,grande,entradas/entrada_carga_grande.txt,fire_omp_static,static,8,3,100,1251181,4804870,7434,121067,65448,128491,99,2381,2.57,1.31,14825089465781038537,1.710487
schedules,grande,entradas/entrada_carga_grande.txt,fire_omp_static,static,8,4,100,1251181,4804870,7434,121067,65448,128491,99,2381,2.57,1.31,14825089465781038537,1.719669
schedules,grande,entradas/entrada_carga_grande.txt,fire_omp_static,static,8,5,100,1251181,4804870,7434,121067,65448,128491,99,2381,2.57,1.31,14825089465781038537,1.713511
schedules,grande,entradas/entrada_carga_grande.txt,fire_omp_static,static,8,6,100,1251181,4804870,7434,121067,65448,128491,99,2381,2.57,1.31,14825089465781038537,1.711294
schedules,grande,entradas/entrada_carga_grande.txt,fire_omp_static,static,8,7,100,1251181,4804870,7434,121067,65448,128491,99,2381,2.57,1.31,14825089465781038537,1.707147
schedules,grande,entradas/entrada_carga_grande.txt,fire_omp_static,static,8,8,100,1251181,4804870,7434,121067,65448,128491,99,2381,2.57,1.31,14825089465781038537,1.706491
schedules,grande,entradas/entrada_carga_grande.txt,fire_omp_static,static,8,9,100,1251181,4804870,7434,121067,65448,128491,99,2381,2.57,1.31,14825089465781038537,1.709431
schedules,grande,entradas/entrada_carga_grande.txt,fire_omp_static,static,8,10,100,1251181,4804870,7434,121067,65448,128491,99,2381,2.57,1.31,14825089465781038537,1.711835
schedules,grande,entradas/entrada_carga_grande_T2.txt,fire_omp_static_1024,static_1024,2,1,100,1251181,4804870,7434,121067,65448,128491,99,2381,2.57,1.31,14825089465781038537,3.555708
schedules,grande,entradas/entrada_carga_grande_T2.txt,fire_omp_static_1024,static_1024,2,2,100,1251181,4804870,7434,121067,65448,128491,99,2381,2.57,1.31,14825089465781038537,3.552243
schedules,grande,entradas/entrada_carga_grande_T2.txt,fire_omp_static_1024,static_1024,2,3,100,1251181,4804870,7434,121067,65448,128491,99,2381,2.57,1.31,14825089465781038537,3.543995
schedules,grande,entradas/entrada_carga_grande_T2.txt,fire_omp_static_1024,static_1024,2,4,100,1251181,4804870,7434,121067,65448,128491,99,2381,2.57,1.31,14825089465781038537,3.554105
schedules,grande,entradas/entrada_carga_grande_T2.txt,fire_omp_static_1024,static_1024,2,5,100,1251181,4804870,7434,121067,65448,128491,99,2381,2.57,1.31,14825089465781038537,3.570271
schedules,grande,entradas/entrada_carga_grande_T2.txt,fire_omp_static_1024,static_1024,2,6,100,1251181,4804870,7434,121067,65448,128491,99,2381,2.57,1.31,14825089465781038537,3.549698
schedules,grande,entradas/entrada_carga_grande_T2.txt,fire_omp_static_1024,static_1024,2,7,100,1251181,4804870,7434,121067,65448,128491,99,2381,2.57,1.31,14825089465781038537,3.548666
schedules,grande,entradas/entrada_carga_grande_T2.txt,fire_omp_static_1024,static_1024,2,8,100,1251181,4804870,7434,121067,65448,128491,99,2381,2.57,1.31,14825089465781038537,3.548194
schedules,grande,entradas/entrada_carga_grande_T2.txt,fire_omp_static_1024,static_1024,2,9,100,1251181,4804870,7434,121067,65448,128491,99,2381,2.57,1.31,14825089465781038537,3.554312
schedules,grande,entradas/entrada_carga_grande_T2.txt,fire_omp_static_1024,static_1024,2,10,100,1251181,4804870,7434,121067,65448,128491,99,2381,2.57,1.31,14825089465781038537,3.548101
schedules,grande,entradas/entrada_carga_grande_T4.txt,fire_omp_static_1024,static_1024,4,1,100,1251181,4804870,7434,121067,65448,128491,99,2381,2.57,1.31,14825089465781038537,1.915752
schedules,grande,entradas/entrada_carga_grande_T4.txt,fire_omp_static_1024,static_1024,4,2,100,1251181,4804870,7434,121067,65448,128491,99,2381,2.57,1.31,14825089465781038537,1.919497
schedules,grande,entradas/entrada_carga_grande_T4.txt,fire_omp_static_1024,static_1024,4,3,100,1251181,4804870,7434,121067,65448,128491,99,2381,2.57,1.31,14825089465781038537,1.923736
schedules,grande,entradas/entrada_carga_grande_T4.txt,fire_omp_static_1024,static_1024,4,4,100,1251181,4804870,7434,121067,65448,128491,99,2381,2.57,1.31,14825089465781038537,1.918113
schedules,grande,entradas/entrada_carga_grande_T4.txt,fire_omp_static_1024,static_1024,4,5,100,1251181,4804870,7434,121067,65448,128491,99,2381,2.57,1.31,14825089465781038537,1.920978
schedules,grande,entradas/entrada_carga_grande_T4.txt,fire_omp_static_1024,static_1024,4,6,100,1251181,4804870,7434,121067,65448,128491,99,2381,2.57,1.31,14825089465781038537,1.919880
schedules,grande,entradas/entrada_carga_grande_T4.txt,fire_omp_static_1024,static_1024,4,7,100,1251181,4804870,7434,121067,65448,128491,99,2381,2.57,1.31,14825089465781038537,1.926970
schedules,grande,entradas/entrada_carga_grande_T4.txt,fire_omp_static_1024,static_1024,4,8,100,1251181,4804870,7434,121067,65448,128491,99,2381,2.57,1.31,14825089465781038537,1.918683
schedules,grande,entradas/entrada_carga_grande_T4.txt,fire_omp_static_1024,static_1024,4,9,100,1251181,4804870,7434,121067,65448,128491,99,2381,2.57,1.31,14825089465781038537,1.934096
schedules,grande,entradas/entrada_carga_grande_T4.txt,fire_omp_static_1024,static_1024,4,10,100,1251181,4804870,7434,121067,65448,128491,99,2381,2.57,1.31,14825089465781038537,1.920059
schedules,grande,entradas/entrada_carga_grande_T16.txt,fire_omp_static_1024,static_1024,16,1,100,1251181,4804870,7434,121067,65448,128491,99,2381,2.57,1.31,14825089465781038537,1.851613
schedules,grande,entradas/entrada_carga_grande_T16.txt,fire_omp_static_1024,static_1024,16,2,100,1251181,4804870,7434,121067,65448,128491,99,2381,2.57,1.31,14825089465781038537,1.846765
schedules,grande,entradas/entrada_carga_grande_T16.txt,fire_omp_static_1024,static_1024,16,3,100,1251181,4804870,7434,121067,65448,128491,99,2381,2.57,1.31,14825089465781038537,1.824877
schedules,grande,entradas/entrada_carga_grande_T16.txt,fire_omp_static_1024,static_1024,16,4,100,1251181,4804870,7434,121067,65448,128491,99,2381,2.57,1.31,14825089465781038537,1.845268
schedules,grande,entradas/entrada_carga_grande_T16.txt,fire_omp_static_1024,static_1024,16,5,100,1251181,4804870,7434,121067,65448,128491,99,2381,2.57,1.31,14825089465781038537,1.840418
schedules,grande,entradas/entrada_carga_grande_T16.txt,fire_omp_static_1024,static_1024,16,6,100,1251181,4804870,7434,121067,65448,128491,99,2381,2.57,1.31,14825089465781038537,1.841966
schedules,grande,entradas/entrada_carga_grande_T16.txt,fire_omp_static_1024,static_1024,16,7,100,1251181,4804870,7434,121067,65448,128491,99,2381,2.57,1.31,14825089465781038537,1.843101
schedules,grande,entradas/entrada_carga_grande_T16.txt,fire_omp_static_1024,static_1024,16,8,100,1251181,4804870,7434,121067,65448,128491,99,2381,2.57,1.31,14825089465781038537,1.843782
schedules,grande,entradas/entrada_carga_grande_T16.txt,fire_omp_static_1024,static_1024,16,9,100,1251181,4804870,7434,121067,65448,128491,99,2381,2.57,1.31,14825089465781038537,1.839257
schedules,grande,entradas/entrada_carga_grande_T16.txt,fire_omp_static_1024,static_1024,16,10,100,1251181,4804870,7434,121067,65448,128491,99,2381,2.57,1.31,14825089465781038537,1.837254
schedules,grande,entradas/entrada_carga_grande.txt,fire_omp_static_1024,static_1024,8,1,100,1251181,4804870,7434,121067,65448,128491,99,2381,2.57,1.31,14825089465781038537,1.823142
schedules,grande,entradas/entrada_carga_grande.txt,fire_omp_static_1024,static_1024,8,2,100,1251181,4804870,7434,121067,65448,128491,99,2381,2.57,1.31,14825089465781038537,1.814285
schedules,grande,entradas/entrada_carga_grande.txt,fire_omp_static_1024,static_1024,8,3,100,1251181,4804870,7434,121067,65448,128491,99,2381,2.57,1.31,14825089465781038537,1.810321
schedules,grande,entradas/entrada_carga_grande.txt,fire_omp_static_1024,static_1024,8,4,100,1251181,4804870,7434,121067,65448,128491,99,2381,2.57,1.31,14825089465781038537,1.819550
schedules,grande,entradas/entrada_carga_grande.txt,fire_omp_static_1024,static_1024,8,5,100,1251181,4804870,7434,121067,65448,128491,99,2381,2.57,1.31,14825089465781038537,1.821985
schedules,grande,entradas/entrada_carga_grande.txt,fire_omp_static_1024,static_1024,8,6,100,1251181,4804870,7434,121067,65448,128491,99,2381,2.57,1.31,14825089465781038537,1.823428
schedules,grande,entradas/entrada_carga_grande.txt,fire_omp_static_1024,static_1024,8,7,100,1251181,4804870,7434,121067,65448,128491,99,2381,2.57,1.31,14825089465781038537,1.822140
schedules,grande,entradas/entrada_carga_grande.txt,fire_omp_static_1024,static_1024,8,8,100,1251181,4804870,7434,121067,65448,128491,99,2381,2.57,1.31,14825089465781038537,1.810890
schedules,grande,entradas/entrada_carga_grande.txt,fire_omp_static_1024,static_1024,8,9,100,1251181,4804870,7434,121067,65448,128491,99,2381,2.57,1.31,14825089465781038537,1.818606
schedules,grande,entradas/entrada_carga_grande.txt,fire_omp_static_1024,static_1024,8,10,100,1251181,4804870,7434,121067,65448,128491,99,2381,2.57,1.31,14825089465781038537,1.814466
schedules,grande,entradas/entrada_carga_grande_T2.txt,fire_omp_dynamic_1024,dynamic_1024,2,1,100,1251181,4804870,7434,121067,65448,128491,99,2381,2.57,1.31,14825089465781038537,3.366025
schedules,grande,entradas/entrada_carga_grande_T2.txt,fire_omp_dynamic_1024,dynamic_1024,2,2,100,1251181,4804870,7434,121067,65448,128491,99,2381,2.57,1.31,14825089465781038537,3.361476
schedules,grande,entradas/entrada_carga_grande_T2.txt,fire_omp_dynamic_1024,dynamic_1024,2,3,100,1251181,4804870,7434,121067,65448,128491,99,2381,2.57,1.31,14825089465781038537,3.362673
schedules,grande,entradas/entrada_carga_grande_T2.txt,fire_omp_dynamic_1024,dynamic_1024,2,4,100,1251181,4804870,7434,121067,65448,128491,99,2381,2.57,1.31,14825089465781038537,3.362964
schedules,grande,entradas/entrada_carga_grande_T2.txt,fire_omp_dynamic_1024,dynamic_1024,2,5,100,1251181,4804870,7434,121067,65448,128491,99,2381,2.57,1.31,14825089465781038537,3.363565
schedules,grande,entradas/entrada_carga_grande_T2.txt,fire_omp_dynamic_1024,dynamic_1024,2,6,100,1251181,4804870,7434,121067,65448,128491,99,2381,2.57,1.31,14825089465781038537,3.359765
schedules,grande,entradas/entrada_carga_grande_T2.txt,fire_omp_dynamic_1024,dynamic_1024,2,7,100,1251181,4804870,7434,121067,65448,128491,99,2381,2.57,1.31,14825089465781038537,3.358472
schedules,grande,entradas/entrada_carga_grande_T2.txt,fire_omp_dynamic_1024,dynamic_1024,2,8,100,1251181,4804870,7434,121067,65448,128491,99,2381,2.57,1.31,14825089465781038537,3.364708
schedules,grande,entradas/entrada_carga_grande_T2.txt,fire_omp_dynamic_1024,dynamic_1024,2,9,100,1251181,4804870,7434,121067,65448,128491,99,2381,2.57,1.31,14825089465781038537,3.360376
schedules,grande,entradas/entrada_carga_grande_T2.txt,fire_omp_dynamic_1024,dynamic_1024,2,10,100,1251181,4804870,7434,121067,65448,128491,99,2381,2.57,1.31,14825089465781038537,3.364079
schedules,grande,entradas/entrada_carga_grande_T4.txt,fire_omp_dynamic_1024,dynamic_1024,4,1,100,1251181,4804870,7434,121067,65448,128491,99,2381,2.57,1.31,14825089465781038537,1.814769
schedules,grande,entradas/entrada_carga_grande_T4.txt,fire_omp_dynamic_1024,dynamic_1024,4,2,100,1251181,4804870,7434,121067,65448,128491,99,2381,2.57,1.31,14825089465781038537,1.818132
schedules,grande,entradas/entrada_carga_grande_T4.txt,fire_omp_dynamic_1024,dynamic_1024,4,3,100,1251181,4804870,7434,121067,65448,128491,99,2381,2.57,1.31,14825089465781038537,1.819437
schedules,grande,entradas/entrada_carga_grande_T4.txt,fire_omp_dynamic_1024,dynamic_1024,4,4,100,1251181,4804870,7434,121067,65448,128491,99,2381,2.57,1.31,14825089465781038537,1.818538
schedules,grande,entradas/entrada_carga_grande_T4.txt,fire_omp_dynamic_1024,dynamic_1024,4,5,100,1251181,4804870,7434,121067,65448,128491,99,2381,2.57,1.31,14825089465781038537,1.818692
schedules,grande,entradas/entrada_carga_grande_T4.txt,fire_omp_dynamic_1024,dynamic_1024,4,6,100,1251181,4804870,7434,121067,65448,128491,99,2381,2.57,1.31,14825089465781038537,1.844296
schedules,grande,entradas/entrada_carga_grande_T4.txt,fire_omp_dynamic_1024,dynamic_1024,4,7,100,1251181,4804870,7434,121067,65448,128491,99,2381,2.57,1.31,14825089465781038537,1.835054
schedules,grande,entradas/entrada_carga_grande_T4.txt,fire_omp_dynamic_1024,dynamic_1024,4,8,100,1251181,4804870,7434,121067,65448,128491,99,2381,2.57,1.31,14825089465781038537,1.820878
schedules,grande,entradas/entrada_carga_grande_T4.txt,fire_omp_dynamic_1024,dynamic_1024,4,9,100,1251181,4804870,7434,121067,65448,128491,99,2381,2.57,1.31,14825089465781038537,1.822316
schedules,grande,entradas/entrada_carga_grande_T4.txt,fire_omp_dynamic_1024,dynamic_1024,4,10,100,1251181,4804870,7434,121067,65448,128491,99,2381,2.57,1.31,14825089465781038537,1.820287
schedules,grande,entradas/entrada_carga_grande_T16.txt,fire_omp_dynamic_1024,dynamic_1024,16,1,100,1251181,4804870,7434,121067,65448,128491,99,2381,2.57,1.31,14825089465781038537,1.694114
schedules,grande,entradas/entrada_carga_grande_T16.txt,fire_omp_dynamic_1024,dynamic_1024,16,2,100,1251181,4804870,7434,121067,65448,128491,99,2381,2.57,1.31,14825089465781038537,1.681180
schedules,grande,entradas/entrada_carga_grande_T16.txt,fire_omp_dynamic_1024,dynamic_1024,16,3,100,1251181,4804870,7434,121067,65448,128491,99,2381,2.57,1.31,14825089465781038537,1.681597
schedules,grande,entradas/entrada_carga_grande_T16.txt,fire_omp_dynamic_1024,dynamic_1024,16,4,100,1251181,4804870,7434,121067,65448,128491,99,2381,2.57,1.31,14825089465781038537,1.683771
schedules,grande,entradas/entrada_carga_grande_T16.txt,fire_omp_dynamic_1024,dynamic_1024,16,5,100,1251181,4804870,7434,121067,65448,128491,99,2381,2.57,1.31,14825089465781038537,1.683201
schedules,grande,entradas/entrada_carga_grande_T16.txt,fire_omp_dynamic_1024,dynamic_1024,16,6,100,1251181,4804870,7434,121067,65448,128491,99,2381,2.57,1.31,14825089465781038537,1.687214
schedules,grande,entradas/entrada_carga_grande_T16.txt,fire_omp_dynamic_1024,dynamic_1024,16,7,100,1251181,4804870,7434,121067,65448,128491,99,2381,2.57,1.31,14825089465781038537,1.685838
schedules,grande,entradas/entrada_carga_grande_T16.txt,fire_omp_dynamic_1024,dynamic_1024,16,8,100,1251181,4804870,7434,121067,65448,128491,99,2381,2.57,1.31,14825089465781038537,1.683435
schedules,grande,entradas/entrada_carga_grande_T16.txt,fire_omp_dynamic_1024,dynamic_1024,16,9,100,1251181,4804870,7434,121067,65448,128491,99,2381,2.57,1.31,14825089465781038537,1.683408
schedules,grande,entradas/entrada_carga_grande_T16.txt,fire_omp_dynamic_1024,dynamic_1024,16,10,100,1251181,4804870,7434,121067,65448,128491,99,2381,2.57,1.31,14825089465781038537,1.684996
schedules,grande,entradas/entrada_carga_grande.txt,fire_omp_dynamic_1024,dynamic_1024,8,1,100,1251181,4804870,7434,121067,65448,128491,99,2381,2.57,1.31,14825089465781038537,1.680364
schedules,grande,entradas/entrada_carga_grande.txt,fire_omp_dynamic_1024,dynamic_1024,8,2,100,1251181,4804870,7434,121067,65448,128491,99,2381,2.57,1.31,14825089465781038537,1.683441
schedules,grande,entradas/entrada_carga_grande.txt,fire_omp_dynamic_1024,dynamic_1024,8,3,100,1251181,4804870,7434,121067,65448,128491,99,2381,2.57,1.31,14825089465781038537,1.696456
schedules,grande,entradas/entrada_carga_grande.txt,fire_omp_dynamic_1024,dynamic_1024,8,4,100,1251181,4804870,7434,121067,65448,128491,99,2381,2.57,1.31,14825089465781038537,1.681502
schedules,grande,entradas/entrada_carga_grande.txt,fire_omp_dynamic_1024,dynamic_1024,8,5,100,1251181,4804870,7434,121067,65448,128491,99,2381,2.57,1.31,14825089465781038537,1.723609
schedules,grande,entradas/entrada_carga_grande.txt,fire_omp_dynamic_1024,dynamic_1024,8,6,100,1251181,4804870,7434,121067,65448,128491,99,2381,2.57,1.31,14825089465781038537,1.678233
schedules,grande,entradas/entrada_carga_grande.txt,fire_omp_dynamic_1024,dynamic_1024,8,7,100,1251181,4804870,7434,121067,65448,128491,99,2381,2.57,1.31,14825089465781038537,1.680973
schedules,grande,entradas/entrada_carga_grande.txt,fire_omp_dynamic_1024,dynamic_1024,8,8,100,1251181,4804870,7434,121067,65448,128491,99,2381,2.57,1.31,14825089465781038537,1.678432
schedules,grande,entradas/entrada_carga_grande.txt,fire_omp_dynamic_1024,dynamic_1024,8,9,100,1251181,4804870,7434,121067,65448,128491,99,2381,2.57,1.31,14825089465781038537,1.676610
schedules,grande,entradas/entrada_carga_grande.txt,fire_omp_dynamic_1024,dynamic_1024,8,10,100,1251181,4804870,7434,121067,65448,128491,99,2381,2.57,1.31,14825089465781038537,1.689044
schedules,grande,entradas/entrada_carga_grande_T2.txt,fire_omp_guided,guided,2,1,100,1251181,4804870,7434,121067,65448,128491,99,2381,2.57,1.31,14825089465781038537,3.291249
schedules,grande,entradas/entrada_carga_grande_T2.txt,fire_omp_guided,guided,2,2,100,1251181,4804870,7434,121067,65448,128491,99,2381,2.57,1.31,14825089465781038537,3.300475
schedules,grande,entradas/entrada_carga_grande_T2.txt,fire_omp_guided,guided,2,3,100,1251181,4804870,7434,121067,65448,128491,99,2381,2.57,1.31,14825089465781038537,3.296776
schedules,grande,entradas/entrada_carga_grande_T2.txt,fire_omp_guided,guided,2,4,100,1251181,4804870,7434,121067,65448,128491,99,2381,2.57,1.31,14825089465781038537,3.301113
schedules,grande,entradas/entrada_carga_grande_T2.txt,fire_omp_guided,guided,2,5,100,1251181,4804870,7434,121067,65448,128491,99,2381,2.57,1.31,14825089465781038537,3.294130
schedules,grande,entradas/entrada_carga_grande_T2.txt,fire_omp_guided,guided,2,6,100,1251181,4804870,7434,121067,65448,128491,99,2381,2.57,1.31,14825089465781038537,3.296511
schedules,grande,entradas/entrada_carga_grande_T2.txt,fire_omp_guided,guided,2,7,100,1251181,4804870,7434,121067,65448,128491,99,2381,2.57,1.31,14825089465781038537,3.294912
schedules,grande,entradas/entrada_carga_grande_T2.txt,fire_omp_guided,guided,2,8,100,1251181,4804870,7434,121067,65448,128491,99,2381,2.57,1.31,14825089465781038537,3.298980
schedules,grande,entradas/entrada_carga_grande_T2.txt,fire_omp_guided,guided,2,9,100,1251181,4804870,7434,121067,65448,128491,99,2381,2.57,1.31,14825089465781038537,3.297283
schedules,grande,entradas/entrada_carga_grande_T2.txt,fire_omp_guided,guided,2,10,100,1251181,4804870,7434,121067,65448,128491,99,2381,2.57,1.31,14825089465781038537,3.296853
schedules,grande,entradas/entrada_carga_grande_T4.txt,fire_omp_guided,guided,4,1,100,1251181,4804870,7434,121067,65448,128491,99,2381,2.57,1.31,14825089465781038537,1.939448
schedules,grande,entradas/entrada_carga_grande_T4.txt,fire_omp_guided,guided,4,2,100,1251181,4804870,7434,121067,65448,128491,99,2381,2.57,1.31,14825089465781038537,1.798973
schedules,grande,entradas/entrada_carga_grande_T4.txt,fire_omp_guided,guided,4,3,100,1251181,4804870,7434,121067,65448,128491,99,2381,2.57,1.31,14825089465781038537,1.801391
schedules,grande,entradas/entrada_carga_grande_T4.txt,fire_omp_guided,guided,4,4,100,1251181,4804870,7434,121067,65448,128491,99,2381,2.57,1.31,14825089465781038537,1.799051
schedules,grande,entradas/entrada_carga_grande_T4.txt,fire_omp_guided,guided,4,5,100,1251181,4804870,7434,121067,65448,128491,99,2381,2.57,1.31,14825089465781038537,1.801007
schedules,grande,entradas/entrada_carga_grande_T4.txt,fire_omp_guided,guided,4,6,100,1251181,4804870,7434,121067,65448,128491,99,2381,2.57,1.31,14825089465781038537,1.803984
schedules,grande,entradas/entrada_carga_grande_T4.txt,fire_omp_guided,guided,4,7,100,1251181,4804870,7434,121067,65448,128491,99,2381,2.57,1.31,14825089465781038537,1.805940
schedules,grande,entradas/entrada_carga_grande_T4.txt,fire_omp_guided,guided,4,8,100,1251181,4804870,7434,121067,65448,128491,99,2381,2.57,1.31,14825089465781038537,1.828229
schedules,grande,entradas/entrada_carga_grande_T4.txt,fire_omp_guided,guided,4,9,100,1251181,4804870,7434,121067,65448,128491,99,2381,2.57,1.31,14825089465781038537,1.821728
schedules,grande,entradas/entrada_carga_grande_T4.txt,fire_omp_guided,guided,4,10,100,1251181,4804870,7434,121067,65448,128491,99,2381,2.57,1.31,14825089465781038537,1.866392
schedules,grande,entradas/entrada_carga_grande_T16.txt,fire_omp_guided,guided,16,1,100,1251181,4804870,7434,121067,65448,128491,99,2381,2.57,1.31,14825089465781038537,1.768326
schedules,grande,entradas/entrada_carga_grande_T16.txt,fire_omp_guided,guided,16,2,100,1251181,4804870,7434,121067,65448,128491,99,2381,2.57,1.31,14825089465781038537,1.782714
schedules,grande,entradas/entrada_carga_grande_T16.txt,fire_omp_guided,guided,16,3,100,1251181,4804870,7434,121067,65448,128491,99,2381,2.57,1.31,14825089465781038537,1.769168
schedules,grande,entradas/entrada_carga_grande_T16.txt,fire_omp_guided,guided,16,4,100,1251181,4804870,7434,121067,65448,128491,99,2381,2.57,1.31,14825089465781038537,1.772977
schedules,grande,entradas/entrada_carga_grande_T16.txt,fire_omp_guided,guided,16,5,100,1251181,4804870,7434,121067,65448,128491,99,2381,2.57,1.31,14825089465781038537,1.771018
schedules,grande,entradas/entrada_carga_grande_T16.txt,fire_omp_guided,guided,16,6,100,1251181,4804870,7434,121067,65448,128491,99,2381,2.57,1.31,14825089465781038537,1.767694
schedules,grande,entradas/entrada_carga_grande_T16.txt,fire_omp_guided,guided,16,7,100,1251181,4804870,7434,121067,65448,128491,99,2381,2.57,1.31,14825089465781038537,1.785661
schedules,grande,entradas/entrada_carga_grande_T16.txt,fire_omp_guided,guided,16,8,100,1251181,4804870,7434,121067,65448,128491,99,2381,2.57,1.31,14825089465781038537,1.767585
schedules,grande,entradas/entrada_carga_grande_T16.txt,fire_omp_guided,guided,16,9,100,1251181,4804870,7434,121067,65448,128491,99,2381,2.57,1.31,14825089465781038537,1.763042
schedules,grande,entradas/entrada_carga_grande_T16.txt,fire_omp_guided,guided,16,10,100,1251181,4804870,7434,121067,65448,128491,99,2381,2.57,1.31,14825089465781038537,1.760112
schedules,grande,entradas/entrada_carga_grande.txt,fire_omp_guided,guided,8,1,100,1251181,4804870,7434,121067,65448,128491,99,2381,2.57,1.31,14825089465781038537,1.677859
schedules,grande,entradas/entrada_carga_grande.txt,fire_omp_guided,guided,8,2,100,1251181,4804870,7434,121067,65448,128491,99,2381,2.57,1.31,14825089465781038537,1.675355
schedules,grande,entradas/entrada_carga_grande.txt,fire_omp_guided,guided,8,3,100,1251181,4804870,7434,121067,65448,128491,99,2381,2.57,1.31,14825089465781038537,1.677790
schedules,grande,entradas/entrada_carga_grande.txt,fire_omp_guided,guided,8,4,100,1251181,4804870,7434,121067,65448,128491,99,2381,2.57,1.31,14825089465781038537,1.675862
schedules,grande,entradas/entrada_carga_grande.txt,fire_omp_guided,guided,8,5,100,1251181,4804870,7434,121067,65448,128491,99,2381,2.57,1.31,14825089465781038537,1.689068
schedules,grande,entradas/entrada_carga_grande.txt,fire_omp_guided,guided,8,6,100,1251181,4804870,7434,121067,65448,128491,99,2381,2.57,1.31,14825089465781038537,1.680475
schedules,grande,entradas/entrada_carga_grande.txt,fire_omp_guided,guided,8,7,100,1251181,4804870,7434,121067,65448,128491,99,2381,2.57,1.31,14825089465781038537,1.674668
schedules,grande,entradas/entrada_carga_grande.txt,fire_omp_guided,guided,8,8,100,1251181,4804870,7434,121067,65448,128491,99,2381,2.57,1.31,14825089465781038537,1.686400
schedules,grande,entradas/entrada_carga_grande.txt,fire_omp_guided,guided,8,9,100,1251181,4804870,7434,121067,65448,128491,99,2381,2.57,1.31,14825089465781038537,1.675094
schedules,grande,entradas/entrada_carga_grande.txt,fire_omp_guided,guided,8,10,100,1251181,4804870,7434,121067,65448,128491,99,2381,2.57,1.31,14825089465781038537,1.668788
sem_ignicao,sem_ignicao,entradas/entrada_sem_ignicao.txt,fire_seq,seq,4,1,4,2063,7927,0,10,0,0,-1,0,0.13,0.00,7785805777497600139,0.002775
sem_ignicao,sem_ignicao,entradas/entrada_sem_ignicao.txt,fire_omp_static,static,4,1,4,2063,7927,0,10,0,0,-1,0,0.13,0.00,7785805777497600139,0.000127
monothread,pequena,entradas/entrada_carga_pequena.txt,fire_seq,seq,4,1,80,39704,127900,2069,28105,2222,30171,79,682,18.82,1.39,17073017104646724864,1.032720
monothread,pequena,entradas/entrada_carga_pequena.txt,fire_seq,seq,4,2,80,39704,127900,2069,28105,2222,30171,79,682,18.82,1.39,17073017104646724864,1.038016
monothread,pequena,entradas/entrada_carga_pequena.txt,fire_seq,seq,4,3,80,39704,127900,2069,28105,2222,30171,79,682,18.82,1.39,17073017104646724864,1.033258
monothread,pequena,entradas/entrada_carga_pequena_T1.txt,fire_omp_static,static,1,1,80,39704,127900,2069,28105,2222,30171,79,682,18.82,1.39,17073017104646724864,0.163611
monothread,pequena,entradas/entrada_carga_pequena_T1.txt,fire_omp_static,static,1,2,80,39704,127900,2069,28105,2222,30171,79,682,18.82,1.39,17073017104646724864,0.164453
monothread,pequena,entradas/entrada_carga_pequena_T1.txt,fire_omp_static,static,1,3,80,39704,127900,2069,28105,2222,30171,79,682,18.82,1.39,17073017104646724864,0.163919
monothread,media,entradas/entrada_carga_media.txt,fire_seq,seq,8,1,100,360809,1324373,5734,93801,15283,99529,98,1863,6.92,1.06,17187382406529706254,12.105019
monothread,media,entradas/entrada_carga_media.txt,fire_seq,seq,8,2,100,360809,1324373,5734,93801,15283,99529,98,1863,6.92,1.06,17187382406529706254,12.108669
monothread,media,entradas/entrada_carga_media.txt,fire_seq,seq,8,3,100,360809,1324373,5734,93801,15283,99529,98,1863,6.92,1.06,17187382406529706254,12.106643
monothread,media,entradas/entrada_carga_media_T1.txt,fire_omp_static,static,1,1,100,360809,1324373,5734,93801,15283,99529,98,1863,6.92,1.06,17187382406529706254,1.882488
monothread,media,entradas/entrada_carga_media_T1.txt,fire_omp_static,static,1,2,100,360809,1324373,5734,93801,15283,99529,98,1863,6.92,1.06,17187382406529706254,1.886494
monothread,media,entradas/entrada_carga_media_T1.txt,fire_omp_static,static,1,3,100,360809,1324373,5734,93801,15283,99529,98,1863,6.92,1.06,17187382406529706254,1.883055
tempos,pequena,entradas/entrada_carga_pequena.txt,fire_seq,seq,4,1,80,39704,127900,2069,28105,2222,30171,79,682,18.82,1.39,17073017104646724864,0.145037
tempos,pequena,entradas/entrada_carga_pequena.txt,fire_seq,seq,4,2,80,39704,127900,2069,28105,2222,30171,79,682,18.82,1.39,17073017104646724864,0.144059
tempos,pequena,entradas/entrada_carga_pequena.txt,fire_seq,seq,4,3,80,39704,127900,2069,28105,2222,30171,79,682,18.82,1.39,17073017104646724864,0.137851
tempos,pequena,entradas/entrada_carga_pequena.txt,fire_seq,seq,4,4,80,39704,127900,2069,28105,2222,30171,79,682,18.82,1.39,17073017104646724864,0.137955
tempos,pequena,entradas/entrada_carga_pequena.txt,fire_seq,seq,4,5,80,39704,127900,2069,28105,2222,30171,79,682,18.82,1.39,17073017104646724864,0.138591
tempos,pequena,entradas/entrada_carga_pequena.txt,fire_seq,seq,4,6,80,39704,127900,2069,28105,2222,30171,79,682,18.82,1.39,17073017104646724864,0.138554
tempos,pequena,entradas/entrada_carga_pequena.txt,fire_seq,seq,4,7,80,39704,127900,2069,28105,2222,30171,79,682,18.82,1.39,17073017104646724864,0.139071
tempos,pequena,entradas/entrada_carga_pequena.txt,fire_seq,seq,4,8,80,39704,127900,2069,28105,2222,30171,79,682,18.82,1.39,17073017104646724864,0.140675
tempos,pequena,entradas/entrada_carga_pequena.txt,fire_seq,seq,4,9,80,39704,127900,2069,28105,2222,30171,79,682,18.82,1.39,17073017104646724864,0.144013
tempos,pequena,entradas/entrada_carga_pequena.txt,fire_seq,seq,4,10,80,39704,127900,2069,28105,2222,30171,79,682,18.82,1.39,17073017104646724864,0.144717
tempos,pequena,entradas/entrada_carga_pequena.txt,fire_omp_static,static,4,1,80,39704,127900,2069,28105,2222,30171,79,682,18.82,1.39,17073017104646724864,0.043060
tempos,pequena,entradas/entrada_carga_pequena.txt,fire_omp_static,static,4,2,80,39704,127900,2069,28105,2222,30171,79,682,18.82,1.39,17073017104646724864,0.043274
tempos,pequena,entradas/entrada_carga_pequena.txt,fire_omp_static,static,4,3,80,39704,127900,2069,28105,2222,30171,79,682,18.82,1.39,17073017104646724864,0.043678
tempos,pequena,entradas/entrada_carga_pequena.txt,fire_omp_static,static,4,4,80,39704,127900,2069,28105,2222,30171,79,682,18.82,1.39,17073017104646724864,0.043425
tempos,pequena,entradas/entrada_carga_pequena.txt,fire_omp_static,static,4,5,80,39704,127900,2069,28105,2222,30171,79,682,18.82,1.39,17073017104646724864,0.043390
tempos,pequena,entradas/entrada_carga_pequena.txt,fire_omp_static,static,4,6,80,39704,127900,2069,28105,2222,30171,79,682,18.82,1.39,17073017104646724864,0.043255
tempos,pequena,entradas/entrada_carga_pequena.txt,fire_omp_static,static,4,7,80,39704,127900,2069,28105,2222,30171,79,682,18.82,1.39,17073017104646724864,0.043205
tempos,pequena,entradas/entrada_carga_pequena.txt,fire_omp_static,static,4,8,80,39704,127900,2069,28105,2222,30171,79,682,18.82,1.39,17073017104646724864,0.043331
tempos,pequena,entradas/entrada_carga_pequena.txt,fire_omp_static,static,4,9,80,39704,127900,2069,28105,2222,30171,79,682,18.82,1.39,17073017104646724864,0.043065
tempos,pequena,entradas/entrada_carga_pequena.txt,fire_omp_static,static,4,10,80,39704,127900,2069,28105,2222,30171,79,682,18.82,1.39,17073017104646724864,0.043452
tempos,media,entradas/entrada_carga_media.txt,fire_seq,seq,8,1,100,360809,1324373,5734,93801,15283,99529,98,1863,6.92,1.06,17187382406529706254,1.583802
tempos,media,entradas/entrada_carga_media.txt,fire_seq,seq,8,2,100,360809,1324373,5734,93801,15283,99529,98,1863,6.92,1.06,17187382406529706254,1.584766
tempos,media,entradas/entrada_carga_media.txt,fire_seq,seq,8,3,100,360809,1324373,5734,93801,15283,99529,98,1863,6.92,1.06,17187382406529706254,1.583001
tempos,media,entradas/entrada_carga_media.txt,fire_seq,seq,8,4,100,360809,1324373,5734,93801,15283,99529,98,1863,6.92,1.06,17187382406529706254,1.582479
tempos,media,entradas/entrada_carga_media.txt,fire_seq,seq,8,5,100,360809,1324373,5734,93801,15283,99529,98,1863,6.92,1.06,17187382406529706254,1.585326
tempos,media,entradas/entrada_carga_media.txt,fire_seq,seq,8,6,100,360809,1324373,5734,93801,15283,99529,98,1863,6.92,1.06,17187382406529706254,1.581966
tempos,media,entradas/entrada_carga_media.txt,fire_seq,seq,8,7,100,360809,1324373,5734,93801,15283,99529,98,1863,6.92,1.06,17187382406529706254,1.585427
tempos,media,entradas/entrada_carga_media.txt,fire_seq,seq,8,8,100,360809,1324373,5734,93801,15283,99529,98,1863,6.92,1.06,17187382406529706254,1.611757
tempos,media,entradas/entrada_carga_media.txt,fire_seq,seq,8,9,100,360809,1324373,5734,93801,15283,99529,98,1863,6.92,1.06,17187382406529706254,1.585236
tempos,media,entradas/entrada_carga_media.txt,fire_seq,seq,8,10,100,360809,1324373,5734,93801,15283,99529,98,1863,6.92,1.06,17187382406529706254,1.611266
tempos,media,entradas/entrada_carga_media.txt,fire_omp_static,static,8,1,100,360809,1324373,5734,93801,15283,99529,98,1863,6.92,1.06,17187382406529706254,0.540518
tempos,media,entradas/entrada_carga_media.txt,fire_omp_static,static,8,2,100,360809,1324373,5734,93801,15283,99529,98,1863,6.92,1.06,17187382406529706254,0.533127
tempos,media,entradas/entrada_carga_media.txt,fire_omp_static,static,8,3,100,360809,1324373,5734,93801,15283,99529,98,1863,6.92,1.06,17187382406529706254,0.541552
tempos,media,entradas/entrada_carga_media.txt,fire_omp_static,static,8,4,100,360809,1324373,5734,93801,15283,99529,98,1863,6.92,1.06,17187382406529706254,0.544515
tempos,media,entradas/entrada_carga_media.txt,fire_omp_static,static,8,5,100,360809,1324373,5734,93801,15283,99529,98,1863,6.92,1.06,17187382406529706254,0.544301
tempos,media,entradas/entrada_carga_media.txt,fire_omp_static,static,8,6,100,360809,1324373,5734,93801,15283,99529,98,1863,6.92,1.06,17187382406529706254,0.534806
tempos,media,entradas/entrada_carga_media.txt,fire_omp_static,static,8,7,100,360809,1324373,5734,93801,15283,99529,98,1863,6.92,1.06,17187382406529706254,0.544076
tempos,media,entradas/entrada_carga_media.txt,fire_omp_static,static,8,8,100,360809,1324373,5734,93801,15283,99529,98,1863,6.92,1.06,17187382406529706254,0.548006
tempos,media,entradas/entrada_carga_media.txt,fire_omp_static,static,8,9,100,360809,1324373,5734,93801,15283,99529,98,1863,6.92,1.06,17187382406529706254,0.543925
tempos,media,entradas/entrada_carga_media.txt,fire_omp_static,static,8,10,100,360809,1324373,5734,93801,15283,99529,98,1863,6.92,1.06,17187382406529706254,0.541660
tempos,grande,entradas/entrada_carga_grande.txt,fire_seq,seq,8,1,100,1251181,4804870,7434,121067,65448,128491,99,2381,2.57,1.31,14825089465781038537,5.529762
tempos,grande,entradas/entrada_carga_grande.txt,fire_seq,seq,8,2,100,1251181,4804870,7434,121067,65448,128491,99,2381,2.57,1.31,14825089465781038537,5.481383
tempos,grande,entradas/entrada_carga_grande.txt,fire_seq,seq,8,3,100,1251181,4804870,7434,121067,65448,128491,99,2381,2.57,1.31,14825089465781038537,5.477552
tempos,grande,entradas/entrada_carga_grande.txt,fire_seq,seq,8,4,100,1251181,4804870,7434,121067,65448,128491,99,2381,2.57,1.31,14825089465781038537,5.476870
tempos,grande,entradas/entrada_carga_grande.txt,fire_seq,seq,8,5,100,1251181,4804870,7434,121067,65448,128491,99,2381,2.57,1.31,14825089465781038537,5.484434
tempos,grande,entradas/entrada_carga_grande.txt,fire_seq,seq,8,6,100,1251181,4804870,7434,121067,65448,128491,99,2381,2.57,1.31,14825089465781038537,5.480074
tempos,grande,entradas/entrada_carga_grande.txt,fire_seq,seq,8,7,100,1251181,4804870,7434,121067,65448,128491,99,2381,2.57,1.31,14825089465781038537,5.482997
tempos,grande,entradas/entrada_carga_grande.txt,fire_seq,seq,8,8,100,1251181,4804870,7434,121067,65448,128491,99,2381,2.57,1.31,14825089465781038537,5.476732
tempos,grande,entradas/entrada_carga_grande.txt,fire_seq,seq,8,9,100,1251181,4804870,7434,121067,65448,128491,99,2381,2.57,1.31,14825089465781038537,5.477886
tempos,grande,entradas/entrada_carga_grande.txt,fire_seq,seq,8,10,100,1251181,4804870,7434,121067,65448,128491,99,2381,2.57,1.31,14825089465781038537,5.479593
tempos,grande,entradas/entrada_carga_grande.txt,fire_omp_static,static,8,1,100,1251181,4804870,7434,121067,65448,128491,99,2381,2.57,1.31,14825089465781038537,1.876541
tempos,grande,entradas/entrada_carga_grande.txt,fire_omp_static,static,8,2,100,1251181,4804870,7434,121067,65448,128491,99,2381,2.57,1.31,14825089465781038537,1.880063
tempos,grande,entradas/entrada_carga_grande.txt,fire_omp_static,static,8,3,100,1251181,4804870,7434,121067,65448,128491,99,2381,2.57,1.31,14825089465781038537,1.874379
tempos,grande,entradas/entrada_carga_grande.txt,fire_omp_static,static,8,4,100,1251181,4804870,7434,121067,65448,128491,99,2381,2.57,1.31,14825089465781038537,1.873035
tempos,grande,entradas/entrada_carga_grande.txt,fire_omp_static,static,8,5,100,1251181,4804870,7434,121067,65448,128491,99,2381,2.57,1.31,14825089465781038537,1.874261
tempos,grande,entradas/entrada_carga_grande.txt,fire_omp_static,static,8,6,100,1251181,4804870,7434,121067,65448,128491,99,2381,2.57,1.31,14825089465781038537,1.875901
tempos,grande,entradas/entrada_carga_grande.txt,fire_omp_static,static,8,7,100,1251181,4804870,7434,121067,65448,128491,99,2381,2.57,1.31,14825089465781038537,1.881503
tempos,grande,entradas/entrada_carga_grande.txt,fire_omp_static,static,8,8,100,1251181,4804870,7434,121067,65448,128491,99,2381,2.57,1.31,14825089465781038537,1.887124
tempos,grande,entradas/entrada_carga_grande.txt,fire_omp_static,static,8,9,100,1251181,4804870,7434,121067,65448,128491,99,2381,2.57,1.31,14825089465781038537,1.885567
tempos,grande,entradas/entrada_carga_grande.txt,fire_omp_static,static,8,10,100,1251181,4804870,7434,121067,65448,128491,99,2381,2.57,1.31,14825089465781038537,1.887389
threads_det,media,entradas/entrada_carga_media_T1.txt,fire_omp_static,static,1,1,100,360809,1324373,5734,93801,15283,99529,98,1863,6.92,1.06,17187382406529706254,1.899665
threads_det,media,entradas/entrada_carga_media_T1.txt,fire_omp_static,static,1,2,100,360809,1324373,5734,93801,15283,99529,98,1863,6.92,1.06,17187382406529706254,1.897638
threads_det,media,entradas/entrada_carga_media_T1.txt,fire_omp_static,static,1,3,100,360809,1324373,5734,93801,15283,99529,98,1863,6.92,1.06,17187382406529706254,1.900921
threads_det,media,entradas/entrada_carga_media_T2.txt,fire_omp_static,static,2,1,100,360809,1324373,5734,93801,15283,99529,98,1863,6.92,1.06,17187382406529706254,1.078625
threads_det,media,entradas/entrada_carga_media_T2.txt,fire_omp_static,static,2,2,100,360809,1324373,5734,93801,15283,99529,98,1863,6.92,1.06,17187382406529706254,1.006504
threads_det,media,entradas/entrada_carga_media_T2.txt,fire_omp_static,static,2,3,100,360809,1324373,5734,93801,15283,99529,98,1863,6.92,1.06,17187382406529706254,0.998994
threads_det,media,entradas/entrada_carga_media_T4.txt,fire_omp_static,static,4,1,100,360809,1324373,5734,93801,15283,99529,98,1863,6.92,1.06,17187382406529706254,0.568127
threads_det,media,entradas/entrada_carga_media_T4.txt,fire_omp_static,static,4,2,100,360809,1324373,5734,93801,15283,99529,98,1863,6.92,1.06,17187382406529706254,0.566873
threads_det,media,entradas/entrada_carga_media_T4.txt,fire_omp_static,static,4,3,100,360809,1324373,5734,93801,15283,99529,98,1863,6.92,1.06,17187382406529706254,0.570637
threads_det,media,entradas/entrada_carga_media_T16.txt,fire_omp_static,static,16,1,100,360809,1324373,5734,93801,15283,99529,98,1863,6.92,1.06,17187382406529706254,0.563374
threads_det,media,entradas/entrada_carga_media_T16.txt,fire_omp_static,static,16,2,100,360809,1324373,5734,93801,15283,99529,98,1863,6.92,1.06,17187382406529706254,0.577312
threads_det,media,entradas/entrada_carga_media_T16.txt,fire_omp_static,static,16,3,100,360809,1324373,5734,93801,15283,99529,98,1863,6.92,1.06,17187382406529706254,0.589333
threads_det,media,entradas/entrada_carga_media.txt,fire_omp_static,static,8,1,100,360809,1324373,5734,93801,15283,99529,98,1863,6.92,1.06,17187382406529706254,0.555162
threads_det,media,entradas/entrada_carga_media.txt,fire_omp_static,static,8,2,100,360809,1324373,5734,93801,15283,99529,98,1863,6.92,1.06,17187382406529706254,0.536511
threads_det,media,entradas/entrada_carga_media.txt,fire_omp_static,static,8,3,100,360809,1324373,5734,93801,15283,99529,98,1863,6.92,1.06,17187382406529706254,0.542339
varredura_T,grande,entradas/entrada_carga_grande_T1.txt,fire_omp_static,static,1,1,100,1251181,4804870,7434,121067,65448,128491,99,2381,2.57,1.31,14825089465781038537,6.607137
varredura_T,grande,entradas/entrada_carga_grande_T1.txt,fire_omp_static,static,1,2,100,1251181,4804870,7434,121067,65448,128491,99,2381,2.57,1.31,14825089465781038537,6.595954
varredura_T,grande,entradas/entrada_carga_grande_T1.txt,fire_omp_static,static,1,3,100,1251181,4804870,7434,121067,65448,128491,99,2381,2.57,1.31,14825089465781038537,6.593979
varredura_T,grande,entradas/entrada_carga_grande_T1.txt,fire_omp_static,static,1,4,100,1251181,4804870,7434,121067,65448,128491,99,2381,2.57,1.31,14825089465781038537,6.596007
varredura_T,grande,entradas/entrada_carga_grande_T1.txt,fire_omp_static,static,1,5,100,1251181,4804870,7434,121067,65448,128491,99,2381,2.57,1.31,14825089465781038537,6.605148
varredura_T,grande,entradas/entrada_carga_grande_T1.txt,fire_omp_static,static,1,6,100,1251181,4804870,7434,121067,65448,128491,99,2381,2.57,1.31,14825089465781038537,6.601610
varredura_T,grande,entradas/entrada_carga_grande_T1.txt,fire_omp_static,static,1,7,100,1251181,4804870,7434,121067,65448,128491,99,2381,2.57,1.31,14825089465781038537,6.608795
varredura_T,grande,entradas/entrada_carga_grande_T1.txt,fire_omp_static,static,1,8,100,1251181,4804870,7434,121067,65448,128491,99,2381,2.57,1.31,14825089465781038537,6.605045
varredura_T,grande,entradas/entrada_carga_grande_T1.txt,fire_omp_static,static,1,9,100,1251181,4804870,7434,121067,65448,128491,99,2381,2.57,1.31,14825089465781038537,6.602864
varredura_T,grande,entradas/entrada_carga_grande_T1.txt,fire_omp_static,static,1,10,100,1251181,4804870,7434,121067,65448,128491,99,2381,2.57,1.31,14825089465781038537,6.598577
varredura_T,grande,entradas/entrada_carga_grande_T2.txt,fire_omp_static,static,2,1,100,1251181,4804870,7434,121067,65448,128491,99,2381,2.57,1.31,14825089465781038537,3.487652
varredura_T,grande,entradas/entrada_carga_grande_T2.txt,fire_omp_static,static,2,2,100,1251181,4804870,7434,121067,65448,128491,99,2381,2.57,1.31,14825089465781038537,3.497825
varredura_T,grande,entradas/entrada_carga_grande_T2.txt,fire_omp_static,static,2,3,100,1251181,4804870,7434,121067,65448,128491,99,2381,2.57,1.31,14825089465781038537,3.495251
varredura_T,grande,entradas/entrada_carga_grande_T2.txt,fire_omp_static,static,2,4,100,1251181,4804870,7434,121067,65448,128491,99,2381,2.57,1.31,14825089465781038537,3.495525
varredura_T,grande,entradas/entrada_carga_grande_T2.txt,fire_omp_static,static,2,5,100,1251181,4804870,7434,121067,65448,128491,99,2381,2.57,1.31,14825089465781038537,3.503364
varredura_T,grande,entradas/entrada_carga_grande_T2.txt,fire_omp_static,static,2,6,100,1251181,4804870,7434,121067,65448,128491,99,2381,2.57,1.31,14825089465781038537,3.501768
varredura_T,grande,entradas/entrada_carga_grande_T2.txt,fire_omp_static,static,2,7,100,1251181,4804870,7434,121067,65448,128491,99,2381,2.57,1.31,14825089465781038537,3.498787
varredura_T,grande,entradas/entrada_carga_grande_T2.txt,fire_omp_static,static,2,8,100,1251181,4804870,7434,121067,65448,128491,99,2381,2.57,1.31,14825089465781038537,3.490660
varredura_T,grande,entradas/entrada_carga_grande_T2.txt,fire_omp_static,static,2,9,100,1251181,4804870,7434,121067,65448,128491,99,2381,2.57,1.31,14825089465781038537,3.500072
varredura_T,grande,entradas/entrada_carga_grande_T2.txt,fire_omp_static,static,2,10,100,1251181,4804870,7434,121067,65448,128491,99,2381,2.57,1.31,14825089465781038537,3.479724
varredura_T,grande,entradas/entrada_carga_grande_T4.txt,fire_omp_static,static,4,1,100,1251181,4804870,7434,121067,65448,128491,99,2381,2.57,1.31,14825089465781038537,2.007913
varredura_T,grande,entradas/entrada_carga_grande_T4.txt,fire_omp_static,static,4,2,100,1251181,4804870,7434,121067,65448,128491,99,2381,2.57,1.31,14825089465781038537,2.043550
varredura_T,grande,entradas/entrada_carga_grande_T4.txt,fire_omp_static,static,4,3,100,1251181,4804870,7434,121067,65448,128491,99,2381,2.57,1.31,14825089465781038537,2.005002
varredura_T,grande,entradas/entrada_carga_grande_T4.txt,fire_omp_static,static,4,4,100,1251181,4804870,7434,121067,65448,128491,99,2381,2.57,1.31,14825089465781038537,2.008086
varredura_T,grande,entradas/entrada_carga_grande_T4.txt,fire_omp_static,static,4,5,100,1251181,4804870,7434,121067,65448,128491,99,2381,2.57,1.31,14825089465781038537,1.998897
varredura_T,grande,entradas/entrada_carga_grande_T4.txt,fire_omp_static,static,4,6,100,1251181,4804870,7434,121067,65448,128491,99,2381,2.57,1.31,14825089465781038537,2.000859
varredura_T,grande,entradas/entrada_carga_grande_T4.txt,fire_omp_static,static,4,7,100,1251181,4804870,7434,121067,65448,128491,99,2381,2.57,1.31,14825089465781038537,2.136272
varredura_T,grande,entradas/entrada_carga_grande_T4.txt,fire_omp_static,static,4,8,100,1251181,4804870,7434,121067,65448,128491,99,2381,2.57,1.31,14825089465781038537,1.999682
varredura_T,grande,entradas/entrada_carga_grande_T4.txt,fire_omp_static,static,4,9,100,1251181,4804870,7434,121067,65448,128491,99,2381,2.57,1.31,14825089465781038537,2.092710
varredura_T,grande,entradas/entrada_carga_grande_T4.txt,fire_omp_static,static,4,10,100,1251181,4804870,7434,121067,65448,128491,99,2381,2.57,1.31,14825089465781038537,2.039597
varredura_T,grande,entradas/entrada_carga_grande_T16.txt,fire_omp_static,static,16,1,100,1251181,4804870,7434,121067,65448,128491,99,2381,2.57,1.31,14825089465781038537,1.899495
varredura_T,grande,entradas/entrada_carga_grande_T16.txt,fire_omp_static,static,16,2,100,1251181,4804870,7434,121067,65448,128491,99,2381,2.57,1.31,14825089465781038537,1.888180
varredura_T,grande,entradas/entrada_carga_grande_T16.txt,fire_omp_static,static,16,3,100,1251181,4804870,7434,121067,65448,128491,99,2381,2.57,1.31,14825089465781038537,1.891988
varredura_T,grande,entradas/entrada_carga_grande_T16.txt,fire_omp_static,static,16,4,100,1251181,4804870,7434,121067,65448,128491,99,2381,2.57,1.31,14825089465781038537,1.892989
varredura_T,grande,entradas/entrada_carga_grande_T16.txt,fire_omp_static,static,16,5,100,1251181,4804870,7434,121067,65448,128491,99,2381,2.57,1.31,14825089465781038537,1.936583
varredura_T,grande,entradas/entrada_carga_grande_T16.txt,fire_omp_static,static,16,6,100,1251181,4804870,7434,121067,65448,128491,99,2381,2.57,1.31,14825089465781038537,1.904480
varredura_T,grande,entradas/entrada_carga_grande_T16.txt,fire_omp_static,static,16,7,100,1251181,4804870,7434,121067,65448,128491,99,2381,2.57,1.31,14825089465781038537,1.903502
varredura_T,grande,entradas/entrada_carga_grande_T16.txt,fire_omp_static,static,16,8,100,1251181,4804870,7434,121067,65448,128491,99,2381,2.57,1.31,14825089465781038537,1.886429
varredura_T,grande,entradas/entrada_carga_grande_T16.txt,fire_omp_static,static,16,9,100,1251181,4804870,7434,121067,65448,128491,99,2381,2.57,1.31,14825089465781038537,1.881169
varredura_T,grande,entradas/entrada_carga_grande_T16.txt,fire_omp_static,static,16,10,100,1251181,4804870,7434,121067,65448,128491,99,2381,2.57,1.31,14825089465781038537,1.898983
varredura_T,grande,entradas/entrada_carga_grande.txt,fire_omp_static,static,8,1,100,1251181,4804870,7434,121067,65448,128491,99,2381,2.57,1.31,14825089465781038537,1.883212
varredura_T,grande,entradas/entrada_carga_grande.txt,fire_omp_static,static,8,2,100,1251181,4804870,7434,121067,65448,128491,99,2381,2.57,1.31,14825089465781038537,1.885465
varredura_T,grande,entradas/entrada_carga_grande.txt,fire_omp_static,static,8,3,100,1251181,4804870,7434,121067,65448,128491,99,2381,2.57,1.31,14825089465781038537,1.883410
varredura_T,grande,entradas/entrada_carga_grande.txt,fire_omp_static,static,8,4,100,1251181,4804870,7434,121067,65448,128491,99,2381,2.57,1.31,14825089465781038537,1.888923
varredura_T,grande,entradas/entrada_carga_grande.txt,fire_omp_static,static,8,5,100,1251181,4804870,7434,121067,65448,128491,99,2381,2.57,1.31,14825089465781038537,1.873920
varredura_T,grande,entradas/entrada_carga_grande.txt,fire_omp_static,static,8,6,100,1251181,4804870,7434,121067,65448,128491,99,2381,2.57,1.31,14825089465781038537,1.884086
varredura_T,grande,entradas/entrada_carga_grande.txt,fire_omp_static,static,8,7,100,1251181,4804870,7434,121067,65448,128491,99,2381,2.57,1.31,14825089465781038537,1.875708
varredura_T,grande,entradas/entrada_carga_grande.txt,fire_omp_static,static,8,8,100,1251181,4804870,7434,121067,65448,128491,99,2381,2.57,1.31,14825089465781038537,1.872195
varredura_T,grande,entradas/entrada_carga_grande.txt,fire_omp_static,static,8,9,100,1251181,4804870,7434,121067,65448,128491,99,2381,2.57,1.31,14825089465781038537,1.885075
varredura_T,grande,entradas/entrada_carga_grande.txt,fire_omp_static,static,8,10,100,1251181,4804870,7434,121067,65448,128491,99,2381,2.57,1.31,14825089465781038537,1.892222
schedules,grande,entradas/entrada_carga_grande_T2.txt,fire_omp_static,static,2,1,100,1251181,4804870,7434,121067,65448,128491,99,2381,2.57,1.31,14825089465781038537,3.620707
schedules,grande,entradas/entrada_carga_grande_T2.txt,fire_omp_static,static,2,2,100,1251181,4804870,7434,121067,65448,128491,99,2381,2.57,1.31,14825089465781038537,3.491729
schedules,grande,entradas/entrada_carga_grande_T2.txt,fire_omp_static,static,2,3,100,1251181,4804870,7434,121067,65448,128491,99,2381,2.57,1.31,14825089465781038537,3.500539
schedules,grande,entradas/entrada_carga_grande_T2.txt,fire_omp_static,static,2,4,100,1251181,4804870,7434,121067,65448,128491,99,2381,2.57,1.31,14825089465781038537,3.495698
schedules,grande,entradas/entrada_carga_grande_T2.txt,fire_omp_static,static,2,5,100,1251181,4804870,7434,121067,65448,128491,99,2381,2.57,1.31,14825089465781038537,3.490228
schedules,grande,entradas/entrada_carga_grande_T2.txt,fire_omp_static,static,2,6,100,1251181,4804870,7434,121067,65448,128491,99,2381,2.57,1.31,14825089465781038537,3.493677
schedules,grande,entradas/entrada_carga_grande_T2.txt,fire_omp_static,static,2,7,100,1251181,4804870,7434,121067,65448,128491,99,2381,2.57,1.31,14825089465781038537,3.494496
schedules,grande,entradas/entrada_carga_grande_T2.txt,fire_omp_static,static,2,8,100,1251181,4804870,7434,121067,65448,128491,99,2381,2.57,1.31,14825089465781038537,3.499457
schedules,grande,entradas/entrada_carga_grande_T2.txt,fire_omp_static,static,2,9,100,1251181,4804870,7434,121067,65448,128491,99,2381,2.57,1.31,14825089465781038537,3.492403
schedules,grande,entradas/entrada_carga_grande_T2.txt,fire_omp_static,static,2,10,100,1251181,4804870,7434,121067,65448,128491,99,2381,2.57,1.31,14825089465781038537,3.493005
schedules,grande,entradas/entrada_carga_grande_T4.txt,fire_omp_static,static,4,1,100,1251181,4804870,7434,121067,65448,128491,99,2381,2.57,1.31,14825089465781038537,2.006104
schedules,grande,entradas/entrada_carga_grande_T4.txt,fire_omp_static,static,4,2,100,1251181,4804870,7434,121067,65448,128491,99,2381,2.57,1.31,14825089465781038537,1.997667
schedules,grande,entradas/entrada_carga_grande_T4.txt,fire_omp_static,static,4,3,100,1251181,4804870,7434,121067,65448,128491,99,2381,2.57,1.31,14825089465781038537,1.998476
schedules,grande,entradas/entrada_carga_grande_T4.txt,fire_omp_static,static,4,4,100,1251181,4804870,7434,121067,65448,128491,99,2381,2.57,1.31,14825089465781038537,2.007132
schedules,grande,entradas/entrada_carga_grande_T4.txt,fire_omp_static,static,4,5,100,1251181,4804870,7434,121067,65448,128491,99,2381,2.57,1.31,14825089465781038537,2.002517
schedules,grande,entradas/entrada_carga_grande_T4.txt,fire_omp_static,static,4,6,100,1251181,4804870,7434,121067,65448,128491,99,2381,2.57,1.31,14825089465781038537,2.049517
schedules,grande,entradas/entrada_carga_grande_T4.txt,fire_omp_static,static,4,7,100,1251181,4804870,7434,121067,65448,128491,99,2381,2.57,1.31,14825089465781038537,1.996437
schedules,grande,entradas/entrada_carga_grande_T4.txt,fire_omp_static,static,4,8,100,1251181,4804870,7434,121067,65448,128491,99,2381,2.57,1.31,14825089465781038537,2.005883
schedules,grande,entradas/entrada_carga_grande_T4.txt,fire_omp_static,static,4,9,100,1251181,4804870,7434,121067,65448,128491,99,2381,2.57,1.31,14825089465781038537,2.000926
schedules,grande,entradas/entrada_carga_grande_T4.txt,fire_omp_static,static,4,10,100,1251181,4804870,7434,121067,65448,128491,99,2381,2.57,1.31,14825089465781038537,2.034056
schedules,grande,entradas/entrada_carga_grande_T16.txt,fire_omp_static,static,16,1,100,1251181,4804870,7434,121067,65448,128491,99,2381,2.57,1.31,14825089465781038537,1.895620
schedules,grande,entradas/entrada_carga_grande_T16.txt,fire_omp_static,static,16,2,100,1251181,4804870,7434,121067,65448,128491,99,2381,2.57,1.31,14825089465781038537,1.897820
schedules,grande,entradas/entrada_carga_grande_T16.txt,fire_omp_static,static,16,3,100,1251181,4804870,7434,121067,65448,128491,99,2381,2.57,1.31,14825089465781038537,1.892835
schedules,grande,entradas/entrada_carga_grande_T16.txt,fire_omp_static,static,16,4,100,1251181,4804870,7434,121067,65448,128491,99,2381,2.57,1.31,14825089465781038537,1.889235
schedules,grande,entradas/entrada_carga_grande_T16.txt,fire_omp_static,static,16,5,100,1251181,4804870,7434,121067,65448,128491,99,2381,2.57,1.31,14825089465781038537,1.888045
schedules,grande,entradas/entrada_carga_grande_T16.txt,fire_omp_static,static,16,6,100,1251181,4804870,7434,121067,65448,128491,99,2381,2.57,1.31,14825089465781038537,1.966218
schedules,grande,entradas/entrada_carga_grande_T16.txt,fire_omp_static,static,16,7,100,1251181,4804870,7434,121067,65448,128491,99,2381,2.57,1.31,14825089465781038537,1.898619
schedules,grande,entradas/entrada_carga_grande_T16.txt,fire_omp_static,static,16,8,100,1251181,4804870,7434,121067,65448,128491,99,2381,2.57,1.31,14825089465781038537,1.928773
schedules,grande,entradas/entrada_carga_grande_T16.txt,fire_omp_static,static,16,9,100,1251181,4804870,7434,121067,65448,128491,99,2381,2.57,1.31,14825089465781038537,1.891394
schedules,grande,entradas/entrada_carga_grande_T16.txt,fire_omp_static,static,16,10,100,1251181,4804870,7434,121067,65448,128491,99,2381,2.57,1.31,14825089465781038537,1.904789
schedules,grande,entradas/entrada_carga_grande.txt,fire_omp_static,static,8,1,100,1251181,4804870,7434,121067,65448,128491,99,2381,2.57,1.31,14825089465781038537,1.879465
schedules,grande,entradas/entrada_carga_grande.txt,fire_omp_static,static,8,2,100,1251181,4804870,7434,121067,65448,128491,99,2381,2.57,1.31,14825089465781038537,1.878844
schedules,grande,entradas/entrada_carga_grande.txt,fire_omp_static,static,8,3,100,1251181,4804870,7434,121067,65448,128491,99,2381,2.57,1.31,14825089465781038537,1.900039
schedules,grande,entradas/entrada_carga_grande.txt,fire_omp_static,static,8,4,100,1251181,4804870,7434,121067,65448,128491,99,2381,2.57,1.31,14825089465781038537,1.868421
schedules,grande,entradas/entrada_carga_grande.txt,fire_omp_static,static,8,5,100,1251181,4804870,7434,121067,65448,128491,99,2381,2.57,1.31,14825089465781038537,1.876583
schedules,grande,entradas/entrada_carga_grande.txt,fire_omp_static,static,8,6,100,1251181,4804870,7434,121067,65448,128491,99,2381,2.57,1.31,14825089465781038537,1.887390
schedules,grande,entradas/entrada_carga_grande.txt,fire_omp_static,static,8,7,100,1251181,4804870,7434,121067,65448,128491,99,2381,2.57,1.31,14825089465781038537,1.877855
schedules,grande,entradas/entrada_carga_grande.txt,fire_omp_static,static,8,8,100,1251181,4804870,7434,121067,65448,128491,99,2381,2.57,1.31,14825089465781038537,1.868223
schedules,grande,entradas/entrada_carga_grande.txt,fire_omp_static,static,8,9,100,1251181,4804870,7434,121067,65448,128491,99,2381,2.57,1.31,14825089465781038537,1.878200
schedules,grande,entradas/entrada_carga_grande.txt,fire_omp_static,static,8,10,100,1251181,4804870,7434,121067,65448,128491,99,2381,2.57,1.31,14825089465781038537,1.878005
schedules,grande,entradas/entrada_carga_grande_T2.txt,fire_omp_static_1024,static_1024,2,1,100,1251181,4804870,7434,121067,65448,128491,99,2381,2.57,1.31,14825089465781038537,3.415738
schedules,grande,entradas/entrada_carga_grande_T2.txt,fire_omp_static_1024,static_1024,2,2,100,1251181,4804870,7434,121067,65448,128491,99,2381,2.57,1.31,14825089465781038537,3.416618
schedules,grande,entradas/entrada_carga_grande_T2.txt,fire_omp_static_1024,static_1024,2,3,100,1251181,4804870,7434,121067,65448,128491,99,2381,2.57,1.31,14825089465781038537,3.409828
schedules,grande,entradas/entrada_carga_grande_T2.txt,fire_omp_static_1024,static_1024,2,4,100,1251181,4804870,7434,121067,65448,128491,99,2381,2.57,1.31,14825089465781038537,3.413759
schedules,grande,entradas/entrada_carga_grande_T2.txt,fire_omp_static_1024,static_1024,2,5,100,1251181,4804870,7434,121067,65448,128491,99,2381,2.57,1.31,14825089465781038537,3.417883
schedules,grande,entradas/entrada_carga_grande_T2.txt,fire_omp_static_1024,static_1024,2,6,100,1251181,4804870,7434,121067,65448,128491,99,2381,2.57,1.31,14825089465781038537,3.416997
schedules,grande,entradas/entrada_carga_grande_T2.txt,fire_omp_static_1024,static_1024,2,7,100,1251181,4804870,7434,121067,65448,128491,99,2381,2.57,1.31,14825089465781038537,3.422679
schedules,grande,entradas/entrada_carga_grande_T2.txt,fire_omp_static_1024,static_1024,2,8,100,1251181,4804870,7434,121067,65448,128491,99,2381,2.57,1.31,14825089465781038537,3.420989
schedules,grande,entradas/entrada_carga_grande_T2.txt,fire_omp_static_1024,static_1024,2,9,100,1251181,4804870,7434,121067,65448,128491,99,2381,2.57,1.31,14825089465781038537,3.420217
schedules,grande,entradas/entrada_carga_grande_T2.txt,fire_omp_static_1024,static_1024,2,10,100,1251181,4804870,7434,121067,65448,128491,99,2381,2.57,1.31,14825089465781038537,3.417258
schedules,grande,entradas/entrada_carga_grande_T4.txt,fire_omp_static_1024,static_1024,4,1,100,1251181,4804870,7434,121067,65448,128491,99,2381,2.57,1.31,14825089465781038537,1.988089
schedules,grande,entradas/entrada_carga_grande_T4.txt,fire_omp_static_1024,static_1024,4,2,100,1251181,4804870,7434,121067,65448,128491,99,2381,2.57,1.31,14825089465781038537,1.956374
schedules,grande,entradas/entrada_carga_grande_T4.txt,fire_omp_static_1024,static_1024,4,3,100,1251181,4804870,7434,121067,65448,128491,99,2381,2.57,1.31,14825089465781038537,1.955653
schedules,grande,entradas/entrada_carga_grande_T4.txt,fire_omp_static_1024,static_1024,4,4,100,1251181,4804870,7434,121067,65448,128491,99,2381,2.57,1.31,14825089465781038537,1.982410
schedules,grande,entradas/entrada_carga_grande_T4.txt,fire_omp_static_1024,static_1024,4,5,100,1251181,4804870,7434,121067,65448,128491,99,2381,2.57,1.31,14825089465781038537,1.957784
schedules,grande,entradas/entrada_carga_grande_T4.txt,fire_omp_static_1024,static_1024,4,6,100,1251181,4804870,7434,121067,65448,128491,99,2381,2.57,1.31,14825089465781038537,1.977535
schedules,grande,entradas/entrada_carga_grande_T4.txt,fire_omp_static_1024,static_1024,4,7,100,1251181,4804870,7434,121067,65448,128491,99,2381,2.57,1.31,14825089465781038537,1.951293
schedules,grande,entradas/entrada_carga_grande_T4.txt,fire_omp_static_1024,static_1024,4,8,100,1251181,4804870,7434,121067,65448,128491,99,2381,2.57,1.31,14825089465781038537,1.954136
schedules,grande,entradas/entrada_carga_grande_T4.txt,fire_omp_static_1024,static_1024,4,9,100,1251181,4804870,7434,121067,65448,128491,99,2381,2.57,1.31,14825089465781038537,1.956838
schedules,grande,entradas/entrada_carga_grande_T4.txt,fire_omp_static_1024,static_1024,4,10,100,1251181,4804870,7434,121067,65448,128491,99,2381,2.57,1.31,14825089465781038537,1.953869
schedules,grande,entradas/entrada_carga_grande_T16.txt,fire_omp_static_1024,static_1024,16,1,100,1251181,4804870,7434,121067,65448,128491,99,2381,2.57,1.31,14825089465781038537,2.018750
schedules,grande,entradas/entrada_carga_grande_T16.txt,fire_omp_static_1024,static_1024,16,2,100,1251181,4804870,7434,121067,65448,128491,99,2381,2.57,1.31,14825089465781038537,1.880914
schedules,grande,entradas/entrada_carga_grande_T16.txt,fire_omp_static_1024,static_1024,16,3,100,1251181,4804870,7434,121067,65448,128491,99,2381,2.57,1.31,14825089465781038537,1.903255
schedules,grande,entradas/entrada_carga_grande_T16.txt,fire_omp_static_1024,static_1024,16,4,100,1251181,4804870,7434,121067,65448,128491,99,2381,2.57,1.31,14825089465781038537,1.886926
schedules,grande,entradas/entrada_carga_grande_T16.txt,fire_omp_static_1024,static_1024,16,5,100,1251181,4804870,7434,121067,65448,128491,99,2381,2.57,1.31,14825089465781038537,1.879189
schedules,grande,entradas/entrada_carga_grande_T16.txt,fire_omp_static_1024,static_1024,16,6,100,1251181,4804870,7434,121067,65448,128491,99,2381,2.57,1.31,14825089465781038537,1.888603
schedules,grande,entradas/entrada_carga_grande_T16.txt,fire_omp_static_1024,static_1024,16,7,100,1251181,4804870,7434,121067,65448,128491,99,2381,2.57,1.31,14825089465781038537,1.874636
schedules,grande,entradas/entrada_carga_grande_T16.txt,fire_omp_static_1024,static_1024,16,8,100,1251181,4804870,7434,121067,65448,128491,99,2381,2.57,1.31,14825089465781038537,1.883786
schedules,grande,entradas/entrada_carga_grande_T16.txt,fire_omp_static_1024,static_1024,16,9,100,1251181,4804870,7434,121067,65448,128491,99,2381,2.57,1.31,14825089465781038537,1.895058
schedules,grande,entradas/entrada_carga_grande_T16.txt,fire_omp_static_1024,static_1024,16,10,100,1251181,4804870,7434,121067,65448,128491,99,2381,2.57,1.31,14825089465781038537,1.887919
schedules,grande,entradas/entrada_carga_grande.txt,fire_omp_static_1024,static_1024,8,1,100,1251181,4804870,7434,121067,65448,128491,99,2381,2.57,1.31,14825089465781038537,1.849081
schedules,grande,entradas/entrada_carga_grande.txt,fire_omp_static_1024,static_1024,8,2,100,1251181,4804870,7434,121067,65448,128491,99,2381,2.57,1.31,14825089465781038537,1.862420
schedules,grande,entradas/entrada_carga_grande.txt,fire_omp_static_1024,static_1024,8,3,100,1251181,4804870,7434,121067,65448,128491,99,2381,2.57,1.31,14825089465781038537,1.847108
schedules,grande,entradas/entrada_carga_grande.txt,fire_omp_static_1024,static_1024,8,4,100,1251181,4804870,7434,121067,65448,128491,99,2381,2.57,1.31,14825089465781038537,1.847690
schedules,grande,entradas/entrada_carga_grande.txt,fire_omp_static_1024,static_1024,8,5,100,1251181,4804870,7434,121067,65448,128491,99,2381,2.57,1.31,14825089465781038537,1.857780
schedules,grande,entradas/entrada_carga_grande.txt,fire_omp_static_1024,static_1024,8,6,100,1251181,4804870,7434,121067,65448,128491,99,2381,2.57,1.31,14825089465781038537,1.851747
schedules,grande,entradas/entrada_carga_grande.txt,fire_omp_static_1024,static_1024,8,7,100,1251181,4804870,7434,121067,65448,128491,99,2381,2.57,1.31,14825089465781038537,1.857449
schedules,grande,entradas/entrada_carga_grande.txt,fire_omp_static_1024,static_1024,8,8,100,1251181,4804870,7434,121067,65448,128491,99,2381,2.57,1.31,14825089465781038537,1.854545
schedules,grande,entradas/entrada_carga_grande.txt,fire_omp_static_1024,static_1024,8,9,100,1251181,4804870,7434,121067,65448,128491,99,2381,2.57,1.31,14825089465781038537,1.846220
schedules,grande,entradas/entrada_carga_grande.txt,fire_omp_static_1024,static_1024,8,10,100,1251181,4804870,7434,121067,65448,128491,99,2381,2.57,1.31,14825089465781038537,1.849952
schedules,grande,entradas/entrada_carga_grande_T2.txt,fire_omp_dynamic_1024,dynamic_1024,2,1,100,1251181,4804870,7434,121067,65448,128491,99,2381,2.57,1.31,14825089465781038537,3.675497
schedules,grande,entradas/entrada_carga_grande_T2.txt,fire_omp_dynamic_1024,dynamic_1024,2,2,100,1251181,4804870,7434,121067,65448,128491,99,2381,2.57,1.31,14825089465781038537,3.665912
schedules,grande,entradas/entrada_carga_grande_T2.txt,fire_omp_dynamic_1024,dynamic_1024,2,3,100,1251181,4804870,7434,121067,65448,128491,99,2381,2.57,1.31,14825089465781038537,3.675972
schedules,grande,entradas/entrada_carga_grande_T2.txt,fire_omp_dynamic_1024,dynamic_1024,2,4,100,1251181,4804870,7434,121067,65448,128491,99,2381,2.57,1.31,14825089465781038537,3.677582
schedules,grande,entradas/entrada_carga_grande_T2.txt,fire_omp_dynamic_1024,dynamic_1024,2,5,100,1251181,4804870,7434,121067,65448,128491,99,2381,2.57,1.31,14825089465781038537,3.683398
schedules,grande,entradas/entrada_carga_grande_T2.txt,fire_omp_dynamic_1024,dynamic_1024,2,6,100,1251181,4804870,7434,121067,65448,128491,99,2381,2.57,1.31,14825089465781038537,3.671889
schedules,grande,entradas/entrada_carga_grande_T2.txt,fire_omp_dynamic_1024,dynamic_1024,2,7,100,1251181,4804870,7434,121067,65448,128491,99,2381,2.57,1.31,14825089465781038537,3.679799
schedules,grande,entradas/entrada_carga_grande_T2.txt,fire_omp_dynamic_1024,dynamic_1024,2,8,100,1251181,4804870,7434,121067,65448,128491,99,2381,2.57,1.31,14825089465781038537,3.677230
schedules,grande,entradas/entrada_carga_grande_T2.txt,fire_omp_dynamic_1024,dynamic_1024,2,9,100,1251181,4804870,7434,121067,65448,128491,99,2381,2.57,1.31,14825089465781038537,3.673465
schedules,grande,entradas/entrada_carga_grande_T2.txt,fire_omp_dynamic_1024,dynamic_1024,2,10,100,1251181,4804870,7434,121067,65448,128491,99,2381,2.57,1.31,14825089465781038537,3.674259
schedules,grande,entradas/entrada_carga_grande_T4.txt,fire_omp_dynamic_1024,dynamic_1024,4,1,100,1251181,4804870,7434,121067,65448,128491,99,2381,2.57,1.31,14825089465781038537,2.076929
schedules,grande,entradas/entrada_carga_grande_T4.txt,fire_omp_dynamic_1024,dynamic_1024,4,2,100,1251181,4804870,7434,121067,65448,128491,99,2381,2.57,1.31,14825089465781038537,2.077534
schedules,grande,entradas/entrada_carga_grande_T4.txt,fire_omp_dynamic_1024,dynamic_1024,4,3,100,1251181,4804870,7434,121067,65448,128491,99,2381,2.57,1.31,14825089465781038537,2.074757
schedules,grande,entradas/entrada_carga_grande_T4.txt,fire_omp_dynamic_1024,dynamic_1024,4,4,100,1251181,4804870,7434,121067,65448,128491,99,2381,2.57,1.31,14825089465781038537,2.077131
schedules,grande,entradas/entrada_carga_grande_T4.txt,fire_omp_dynamic_1024,dynamic_1024,4,5,100,1251181,4804870,7434,121067,65448,128491,99,2381,2.57,1.31,14825089465781038537,2.080196
schedules,grande,entradas/entrada_carga_grande_T4.txt,fire_omp_dynamic_1024,dynamic_1024,4,6,100,1251181,4804870,7434,121067,65448,128491,99,2381,2.57,1.31,14825089465781038537,2.077374
schedules,grande,entradas/entrada_carga_grande_T4.txt,fire_omp_dynamic_1024,dynamic_1024,4,7,100,1251181,4804870,7434,121067,65448,128491,99,2381,2.57,1.31,14825089465781038537,2.075635
schedules,grande,entradas/entrada_carga_grande_T4.txt,fire_omp_dynamic_1024,dynamic_1024,4,8,100,1251181,4804870,7434,121067,65448,128491,99,2381,2.57,1.31,14825089465781038537,2.076490
schedules,grande,entradas/entrada_carga_grande_T4.txt,fire_omp_dynamic_1024,dynamic_1024,4,9,100,1251181,4804870,7434,121067,65448,128491,99,2381,2.57,1.31,14825089465781038537,2.074581
schedules,grande,entradas/entrada_carga_grande_T4.txt,fire_omp_dynamic_1024,dynamic_1024,4,10,100,1251181,4804870,7434,121067,65448,128491,99,2381,2.57,1.31,14825089465781038537,2.075207
schedules,grande,entradas/entrada_carga_grande_T16.txt,fire_omp_dynamic_1024,dynamic_1024,16,1,100,1251181,4804870,7434,121067,65448,128491,99,2381,2.57,1.31,14825089465781038537,1.938512
schedules,grande,entradas/entrada_carga_grande_T16.txt,fire_omp_dynamic_1024,dynamic_1024,16,2,100,1251181,4804870,7434,121067,65448,128491,99,2381,2.57,1.31,14825089465781038537,1.936466
schedules,grande,entradas/entrada_carga_grande_T16.txt,fire_omp_dynamic_1024,dynamic_1024,16,3,100,1251181,4804870,7434,121067,65448,128491,99,2381,2.57,1.31,14825089465781038537,1.935658
schedules,grande,entradas/entrada_carga_grande_T16.txt,fire_omp_dynamic_1024,dynamic_1024,16,4,100,1251181,4804870,7434,121067,65448,128491,99,2381,2.57,1.31,14825089465781038537,1.940531
schedules,grande,entradas/entrada_carga_grande_T16.txt,fire_omp_dynamic_1024,dynamic_1024,16,5,100,1251181,4804870,7434,121067,65448,128491,99,2381,2.57,1.31,14825089465781038537,1.934831
schedules,grande,entradas/entrada_carga_grande_T16.txt,fire_omp_dynamic_1024,dynamic_1024,16,6,100,1251181,4804870,7434,121067,65448,128491,99,2381,2.57,1.31,14825089465781038537,1.937744
schedules,grande,entradas/entrada_carga_grande_T16.txt,fire_omp_dynamic_1024,dynamic_1024,16,7,100,1251181,4804870,7434,121067,65448,128491,99,2381,2.57,1.31,14825089465781038537,1.938020
schedules,grande,entradas/entrada_carga_grande_T16.txt,fire_omp_dynamic_1024,dynamic_1024,16,8,100,1251181,4804870,7434,121067,65448,128491,99,2381,2.57,1.31,14825089465781038537,1.937035
schedules,grande,entradas/entrada_carga_grande_T16.txt,fire_omp_dynamic_1024,dynamic_1024,16,9,100,1251181,4804870,7434,121067,65448,128491,99,2381,2.57,1.31,14825089465781038537,1.937309
schedules,grande,entradas/entrada_carga_grande_T16.txt,fire_omp_dynamic_1024,dynamic_1024,16,10,100,1251181,4804870,7434,121067,65448,128491,99,2381,2.57,1.31,14825089465781038537,1.937460
schedules,grande,entradas/entrada_carga_grande.txt,fire_omp_dynamic_1024,dynamic_1024,8,1,100,1251181,4804870,7434,121067,65448,128491,99,2381,2.57,1.31,14825089465781038537,1.928976
schedules,grande,entradas/entrada_carga_grande.txt,fire_omp_dynamic_1024,dynamic_1024,8,2,100,1251181,4804870,7434,121067,65448,128491,99,2381,2.57,1.31,14825089465781038537,1.929741
schedules,grande,entradas/entrada_carga_grande.txt,fire_omp_dynamic_1024,dynamic_1024,8,3,100,1251181,4804870,7434,121067,65448,128491,99,2381,2.57,1.31,14825089465781038537,1.930112
schedules,grande,entradas/entrada_carga_grande.txt,fire_omp_dynamic_1024,dynamic_1024,8,4,100,1251181,4804870,7434,121067,65448,128491,99,2381,2.57,1.31,14825089465781038537,1.929270
schedules,grande,entradas/entrada_carga_grande.txt,fire_omp_dynamic_1024,dynamic_1024,8,5,100,1251181,4804870,7434,121067,65448,128491,99,2381,2.57,1.31,14825089465781038537,1.929881
schedules,grande,entradas/entrada_carga_grande.txt,fire_omp_dynamic_1024,dynamic_1024,8,6,100,1251181,4804870,7434,121067,65448,128491,99,2381,2.57,1.31,14825089465781038537,1.935952
schedules,grande,entradas/entrada_carga_grande.txt,fire_omp_dynamic_1024,dynamic_1024,8,7,100,1251181,4804870,7434,121067,65448,128491,99,2381,2.57,1.31,14825089465781038537,1.930266
schedules,grande,entradas/entrada_carga_grande.txt,fire_omp_dynamic_1024,dynamic_1024,8,8,100,1251181,4804870,7434,121067,65448,128491,99,2381,2.57,1.31,14825089465781038537,1.936282
schedules,grande,entradas/entrada_carga_grande.txt,fire_omp_dynamic_1024,dynamic_1024,8,9,100,1251181,4804870,7434,121067,65448,128491,99,2381,2.57,1.31,14825089465781038537,1.938668
schedules,grande,entradas/entrada_carga_grande.txt,fire_omp_dynamic_1024,dynamic_1024,8,10,100,1251181,4804870,7434,121067,65448,128491,99,2381,2.57,1.31,14825089465781038537,1.933169
schedules,grande,entradas/entrada_carga_grande_T2.txt,fire_omp_guided,guided,2,1,100,1251181,4804870,7434,121067,65448,128491,99,2381,2.57,1.31,14825089465781038537,3.620990
schedules,grande,entradas/entrada_carga_grande_T2.txt,fire_omp_guided,guided,2,2,100,1251181,4804870,7434,121067,65448,128491,99,2381,2.57,1.31,14825089465781038537,3.632194
schedules,grande,entradas/entrada_carga_grande_T2.txt,fire_omp_guided,guided,2,3,100,1251181,4804870,7434,121067,65448,128491,99,2381,2.57,1.31,14825089465781038537,3.627432
schedules,grande,entradas/entrada_carga_grande_T2.txt,fire_omp_guided,guided,2,4,100,1251181,4804870,7434,121067,65448,128491,99,2381,2.57,1.31,14825089465781038537,3.627938
schedules,grande,entradas/entrada_carga_grande_T2.txt,fire_omp_guided,guided,2,5,100,1251181,4804870,7434,121067,65448,128491,99,2381,2.57,1.31,14825089465781038537,3.630962
schedules,grande,entradas/entrada_carga_grande_T2.txt,fire_omp_guided,guided,2,6,100,1251181,4804870,7434,121067,65448,128491,99,2381,2.57,1.31,14825089465781038537,3.629746
schedules,grande,entradas/entrada_carga_grande_T2.txt,fire_omp_guided,guided,2,7,100,1251181,4804870,7434,121067,65448,128491,99,2381,2.57,1.31,14825089465781038537,3.629772
schedules,grande,entradas/entrada_carga_grande_T2.txt,fire_omp_guided,guided,2,8,100,1251181,4804870,7434,121067,65448,128491,99,2381,2.57,1.31,14825089465781038537,3.639309
schedules,grande,entradas/entrada_carga_grande_T2.txt,fire_omp_guided,guided,2,9,100,1251181,4804870,7434,121067,65448,128491,99,2381,2.57,1.31,14825089465781038537,3.631928
schedules,grande,entradas/entrada_carga_grande_T2.txt,fire_omp_guided,guided,2,10,100,1251181,4804870,7434,121067,65448,128491,99,2381,2.57,1.31,14825089465781038537,3.619699
schedules,grande,entradas/entrada_carga_grande_T4.txt,fire_omp_guided,guided,4,1,100,1251181,4804870,7434,121067,65448,128491,99,2381,2.57,1.31,14825089465781038537,2.068971
schedules,grande,entradas/entrada_carga_grande_T4.txt,fire_omp_guided,guided,4,2,100,1251181,4804870,7434,121067,65448,128491,99,2381,2.57,1.31,14825089465781038537,2.062506
schedules,grande,entradas/entrada_carga_grande_T4.txt,fire_omp_guided,guided,4,3,100,1251181,4804870,7434,121067,65448,128491,99,2381,2.57,1.31,14825089465781038537,2.063192
schedules,grande,entradas/entrada_carga_grande_T4.txt,fire_omp_guided,guided,4,4,100,1251181,4804870,7434,121067,65448,128491,99,2381,2.57,1.31,14825089465781038537,2.060476
schedules,grande,entradas/entrada_carga_grande_T4.txt,fire_omp_guided,guided,4,5,100,1251181,4804870,7434,121067,65448,128491,99,2381,2.57,1.31,14825089465781038537,2.078798
schedules,grande,entradas/entrada_carga_grande_T4.txt,fire_omp_guided,guided,4,6,100,1251181,4804870,7434,121067,65448,128491,99,2381,2.57,1.31,14825089465781038537,2.070952
schedules,grande,entradas/entrada_carga_grande_T4.txt,fire_omp_guided,guided,4,7,100,1251181,4804870,7434,121067,65448,128491,99,2381,2.57,1.31,14825089465781038537,2.060455
schedules,grande,entradas/entrada_carga_grande_T4.txt,fire_omp_guided,guided,4,8,100,1251181,4804870,7434,121067,65448,128491,99,2381,2.57,1.31,14825089465781038537,2.062713
schedules,grande,entradas/entrada_carga_grande_T4.txt,fire_omp_guided,guided,4,9,100,1251181,4804870,7434,121067,65448,128491,99,2381,2.57,1.31,14825089465781038537,2.069785
schedules,grande,entradas/entrada_carga_grande_T4.txt,fire_omp_guided,guided,4,10,100,1251181,4804870,7434,121067,65448,128491,99,2381,2.57,1.31,14825089465781038537,2.112420
schedules,grande,entradas/entrada_carga_grande_T16.txt,fire_omp_guided,guided,16,1,100,1251181,4804870,7434,121067,65448,128491,99,2381,2.57,1.31,14825089465781038537,2.050643
schedules,grande,entradas/entrada_carga_grande_T16.txt,fire_omp_guided,guided,16,2,100,1251181,4804870,7434,121067,65448,128491,99,2381,2.57,1.31,14825089465781038537,2.039830
schedules,grande,entradas/entrada_carga_grande_T16.txt,fire_omp_guided,guided,16,3,100,1251181,4804870,7434,121067,65448,128491,99,2381,2.57,1.31,14825089465781038537,2.040585
schedules,grande,entradas/entrada_carga_grande_T16.txt,fire_omp_guided,guided,16,4,100,1251181,4804870,7434,121067,65448,128491,99,2381,2.57,1.31,14825089465781038537,2.048480
schedules,grande,entradas/entrada_carga_grande_T16.txt,fire_omp_guided,guided,16,5,100,1251181,4804870,7434,121067,65448,128491,99,2381,2.57,1.31,14825089465781038537,2.061436
schedules,grande,entradas/entrada_carga_grande_T16.txt,fire_omp_guided,guided,16,6,100,1251181,4804870,7434,121067,65448,128491,99,2381,2.57,1.31,14825089465781038537,2.035480
schedules,grande,entradas/entrada_carga_grande_T16.txt,fire_omp_guided,guided,16,7,100,1251181,4804870,7434,121067,65448,128491,99,2381,2.57,1.31,14825089465781038537,2.027906
schedules,grande,entradas/entrada_carga_grande_T16.txt,fire_omp_guided,guided,16,8,100,1251181,4804870,7434,121067,65448,128491,99,2381,2.57,1.31,14825089465781038537,2.043159
schedules,grande,entradas/entrada_carga_grande_T16.txt,fire_omp_guided,guided,16,9,100,1251181,4804870,7434,121067,65448,128491,99,2381,2.57,1.31,14825089465781038537,2.052469
schedules,grande,entradas/entrada_carga_grande_T16.txt,fire_omp_guided,guided,16,10,100,1251181,4804870,7434,121067,65448,128491,99,2381,2.57,1.31,14825089465781038537,2.053253
schedules,grande,entradas/entrada_carga_grande.txt,fire_omp_guided,guided,8,1,100,1251181,4804870,7434,121067,65448,128491,99,2381,2.57,1.31,14825089465781038537,1.931207
schedules,grande,entradas/entrada_carga_grande.txt,fire_omp_guided,guided,8,2,100,1251181,4804870,7434,121067,65448,128491,99,2381,2.57,1.31,14825089465781038537,1.927122
schedules,grande,entradas/entrada_carga_grande.txt,fire_omp_guided,guided,8,3,100,1251181,4804870,7434,121067,65448,128491,99,2381,2.57,1.31,14825089465781038537,1.935432
schedules,grande,entradas/entrada_carga_grande.txt,fire_omp_guided,guided,8,4,100,1251181,4804870,7434,121067,65448,128491,99,2381,2.57,1.31,14825089465781038537,1.926765
schedules,grande,entradas/entrada_carga_grande.txt,fire_omp_guided,guided,8,5,100,1251181,4804870,7434,121067,65448,128491,99,2381,2.57,1.31,14825089465781038537,1.930151
schedules,grande,entradas/entrada_carga_grande.txt,fire_omp_guided,guided,8,6,100,1251181,4804870,7434,121067,65448,128491,99,2381,2.57,1.31,14825089465781038537,1.934336
schedules,grande,entradas/entrada_carga_grande.txt,fire_omp_guided,guided,8,7,100,1251181,4804870,7434,121067,65448,128491,99,2381,2.57,1.31,14825089465781038537,1.928081
schedules,grande,entradas/entrada_carga_grande.txt,fire_omp_guided,guided,8,8,100,1251181,4804870,7434,121067,65448,128491,99,2381,2.57,1.31,14825089465781038537,1.928660
schedules,grande,entradas/entrada_carga_grande.txt,fire_omp_guided,guided,8,9,100,1251181,4804870,7434,121067,65448,128491,99,2381,2.57,1.31,14825089465781038537,1.927764
schedules,grande,entradas/entrada_carga_grande.txt,fire_omp_guided,guided,8,10,100,1251181,4804870,7434,121067,65448,128491,99,2381,2.57,1.31,14825089465781038537,1.929139
sem_ignicao,sem_ignicao,entradas/entrada_sem_ignicao.txt,fire_seq,seq,4,1,4,2063,7927,0,10,0,0,-1,0,0.13,0.00,7785805777497600139,0.000577
sem_ignicao,sem_ignicao,entradas/entrada_sem_ignicao.txt,fire_omp_static,static,4,1,4,2063,7927,0,10,0,0,-1,0,0.13,0.00,7785805777497600139,0.000182
monothread,pequena,entradas/entrada_carga_pequena.txt,fire_seq,seq,4,1,80,39704,127900,2069,28105,2222,30171,79,682,18.82,1.39,17073017104646724864,0.156979
monothread,pequena,entradas/entrada_carga_pequena.txt,fire_seq,seq,4,2,80,39704,127900,2069,28105,2222,30171,79,682,18.82,1.39,17073017104646724864,0.137861
monothread,pequena,entradas/entrada_carga_pequena.txt,fire_seq,seq,4,3,80,39704,127900,2069,28105,2222,30171,79,682,18.82,1.39,17073017104646724864,0.138052
monothread,pequena,entradas/entrada_carga_pequena_T1.txt,fire_omp_static,static,1,1,80,39704,127900,2069,28105,2222,30171,79,682,18.82,1.39,17073017104646724864,0.162345
monothread,pequena,entradas/entrada_carga_pequena_T1.txt,fire_omp_static,static,1,2,80,39704,127900,2069,28105,2222,30171,79,682,18.82,1.39,17073017104646724864,0.162858
monothread,pequena,entradas/entrada_carga_pequena_T1.txt,fire_omp_static,static,1,3,80,39704,127900,2069,28105,2222,30171,79,682,18.82,1.39,17073017104646724864,0.162502
monothread,media,entradas/entrada_carga_media.txt,fire_seq,seq,8,1,100,360809,1324373,5734,93801,15283,99529,98,1863,6.92,1.06,17187382406529706254,1.584149
monothread,media,entradas/entrada_carga_media.txt,fire_seq,seq,8,2,100,360809,1324373,5734,93801,15283,99529,98,1863,6.92,1.06,17187382406529706254,1.580598
monothread,media,entradas/entrada_carga_media.txt,fire_seq,seq,8,3,100,360809,1324373,5734,93801,15283,99529,98,1863,6.92,1.06,17187382406529706254,1.585834
monothread,media,entradas/entrada_carga_media_T1.txt,fire_omp_static,static,1,1,100,360809,1324373,5734,93801,15283,99529,98,1863,6.92,1.06,17187382406529706254,1.907117
monothread,media,entradas/entrada_carga_media_T1.txt,fire_omp_static,static,1,2,100,360809,1324373,5734,93801,15283,99529,98,1863,6.92,1.06,17187382406529706254,1.898933
monothread,media,entradas/entrada_carga_media_T1.txt,fire_omp_static,static,1,3,100,360809,1324373,5734,93801,15283,99529,98,1863,6.92,1.06,17187382406529706254,1.904423
